EMB_1,EMB_2,EMB_3,EMB_4,EMB_5,EMB_6,EMB_7,EMB_8,EMB_9,EMB_10,EMB_11,EMB_12,EMB_13,EMB_14,EMB_15,EMB_16,EMB_17,EMB_18,EMB_19,EMB_20,EMB_21,EMB_22,EMB_23,EMB_24,EMB_25,EMB_26,EMB_27,EMB_28,EMB_29,EMB_30,EMB_31,EMB_32,EMB_33,EMB_34,EMB_35,EMB_36,EMB_37,EMB_38,EMB_39,EMB_40,EMB_41,EMB_42,EMB_43,EMB_44,EMB_45,EMB_46,EMB_47,EMB_48,EMB_49,EMB_50,EMB_51,EMB_52,EMB_53,EMB_54,EMB_55,EMB_56,EMB_57,EMB_58,EMB_59,EMB_60,EMB_61,EMB_62,EMB_63,EMB_64,EMB_65,EMB_66,EMB_67,EMB_68,EMB_69,EMB_70,EMB_71,EMB_72,EMB_73,EMB_74,EMB_75,EMB_76,EMB_77,EMB_78,EMB_79,EMB_80,EMB_81,EMB_82,EMB_83,EMB_84,EMB_85,EMB_86,EMB_87,EMB_88,EMB_89,EMB_90,EMB_91,EMB_92,EMB_93,EMB_94,EMB_95,EMB_96,EMB_97,EMB_98,EMB_99,EMB_100,EMB_101,EMB_102,EMB_103,EMB_104,EMB_105,EMB_106,EMB_107,EMB_108,EMB_109,EMB_110,EMB_111,EMB_112,EMB_113,EMB_114,EMB_115,EMB_116,EMB_117,EMB_118,EMB_119,EMB_120,EMB_121,EMB_122,EMB_123,EMB_124,EMB_125,EMB_126,EMB_127,EMB_128,FID,Image
0.08787,0.006318,-0.284948,-0.021722,-0.004327,0.009687,0.040502,0.111931,-0.123894,0.104599,-0.072633,-0.078453,-0.038919,-0.166763,-0.045963,0.181392,0.031343,-0.155301,0.015518,-0.131704,-0.088201,0.178935,-0.062775,0.044143,0.017252,0.138439,0.056668,0.021751,0.036599,-0.009344,-0.02007,0.126361,0.043004,-0.085229,0.126328,-0.024485,-0.032951,0.099288,0.087984,0.002432,-0.137037,0.03073,-0.130318,-0.034038,-0.018305,-0.063037,0.062694,0.07451,-0.032246,0.000961,-0.021734,0.147044,0.010346,0.0583,0.065363,0.064466,-0.08288,-0.013767,0.011826,-0.081414,-0.172179,-0.198431,-0.022894,-0.005015,0.127474,-0.020248,0.033059,0.127869,0.021019,-0.096943,0.035685,-0.00621,-0.150359,0.056155,0.051238,0.057012,-0.157526,0.145465,0.002379,-0.092771,0.040591,0.015868,-0.128175,0.042765,0.0794,-0.102772,-0.115368,-0.12641,-0.121951,0.016082,0.066769,-0.125911,0.008859,-0.072095,-0.089217,0.107452,-0.048035,0.011283,0.021832,-0.023398,-0.140238,-0.015217,-0.050688,-0.035476,-0.209879,-0.025208,-0.066289,0.055756,-0.004941,0.050155,-0.066192,0.089812,0.093555,-0.015709,0.060996,0.038636,-0.035499,-0.136097,-0.040021,0.054603,0.166087,-0.092488,-0.044511,0.073074,0.005776,-0.022927,-0.002502,-0.124293,1,./image\01
0.073167,0.005963,-0.125304,-0.024527,-0.080704,-0.072767,-0.014914,0.116743,-0.088413,0.011927,-0.089771,-0.055578,-0.057387,0.012179,0.032397,0.077354,0.009519,-0.114042,-0.043178,-0.057764,-0.145847,0.067477,-0.16004,0.026796,-0.085279,-0.022334,0.106363,0.051718,-0.093064,0.032089,0.055532,0.173329,0.086497,0.008259,0.027306,-0.120452,-0.114855,-0.152274,0.088855,0.03843,-0.163612,-0.070994,-0.058963,-0.028892,0.060256,-0.081089,-0.039327,0.09381,0.027791,0.005855,0.053894,0.039375,0.025268,-0.0206,0.091003,0.021591,-0.07268,-0.018153,0.005405,-0.098399,-0.15495,0.019851,-0.021858,0.221602,0.152693,-0.06411,-0.034438,-0.019089,-0.022286,-0.071494,-0.017426,-0.162046,0.153785,-0.019458,-0.010515,-0.014535,-0.084544,0.030169,0.058148,-0.134545,0.120773,-0.006,-0.133703,0.073811,0.155322,-0.287946,-0.108124,-0.137434,-0.194907,0.010198,0.039683,0.033714,-0.190082,-0.112823,-0.035476,0.033567,0.018817,0.056771,-0.060307,-0.029062,-0.150224,0.029652,-0.043456,0.056447,-0.061891,-0.035989,0.021864,0.037051,-0.132116,-0.091636,0.015759,0.029795,0.025083,0.000186,0.023257,0.090381,0.11628,0.016837,-0.015167,0.088879,0.099094,-0.135719,0.011311,0.113641,0.026451,-0.157888,-0.081913,-0.018353,1,./image\01
0.118179,0.027275,-0.148696,-0.208213,0.004998,0.044984,0.082167,0.013745,-0.088553,0.09599,0.04242,0.041284,-0.013794,-0.203863,0.008836,0.137029,-0.005003,-0.113181,0.03806,-0.128941,0.016178,0.179763,-0.112333,0.092316,-0.101074,0.015608,0.025429,-0.122404,0.133033,0.072533,0.078494,0.062422,0.062559,-0.040148,0.161944,-0.047759,-0.19286,0.097403,0.104782,-0.007485,-0.090524,0.038901,-0.009088,-0.054851,-0.097703,-0.171866,0.026303,-0.053666,-0.010178,-0.045165,-0.07958,0.016517,0.068877,0.004147,0.021665,-0.063247,-0.075151,-0.015054,-0.093607,-0.229762,-0.204873,-0.154758,-0.087672,0.009943,0.096309,0.064196,0.098933,0.11364,-0.045989,0.064994,0.089579,-0.000444,-0.018657,-0.033502,0.031102,0.005698,-0.093415,0.106883,-0.065047,-0.07855,0.045844,-0.000273,-0.184125,-0.024572,0.125232,-0.024638,-0.091461,-0.120496,-0.150656,0.052613,0.146195,0.014587,-0.04208,-0.06453,0.004667,0.077402,-0.092268,0.071637,0.018705,-0.140051,-0.149021,-0.069115,0.040311,0.034186,-0.071879,0.074464,0.031296,0.042394,-0.01997,0.040621,-0.00145,0.100104,0.047534,0.031388,0.018197,0.016564,-0.035851,-0.117122,0.047362,0.054668,0.046695,-0.037358,0.050524,0.052833,0.117215,-0.113161,-0.08531,-0.074709,1,./image\01
0.091176,-0.021091,-0.200797,-0.043607,-0.117702,0.052255,0.034306,0.045543,-0.130214,0.075531,-0.07607,0.016607,-0.016268,-0.130578,0.000994,0.141933,0.071052,-0.09175,0.09868,-0.090358,-0.067821,0.060998,-0.155433,-0.047966,-0.069544,0.017582,0.074093,0.046587,-0.027973,0.046921,0.023164,0.181008,0.09981,-0.034907,0.086113,-0.104804,-0.087721,-0.027849,0.097127,0.014013,-0.132826,0.006281,-0.05726,-0.045484,0.058432,-0.117629,-0.065838,0.147763,0.051402,-0.013239,0.029401,0.048244,0.026762,0.075298,0.085133,0.095022,-0.142209,-0.035198,0.032383,-0.054824,-0.177898,-0.035134,-0.072768,0.131964,0.201109,-0.045294,0.050677,0.047027,-0.091687,-0.024541,0.048354,-0.039686,0.057084,0.036005,0.091192,0.005631,-0.064561,0.088153,-0.01506,-0.069746,0.038306,0.031017,-0.204069,-0.058401,0.139122,-0.258286,-0.160732,-0.186229,-0.181461,-0.031902,0.008299,0.020642,-0.129922,-0.109676,-0.044422,0.012711,-0.039474,0.06845,-0.036421,-0.039846,-0.040323,-0.048465,-0.030478,0.019877,-0.164255,0.051519,0.033665,-0.048235,-0.047555,-0.050379,-0.025026,0.099449,-0.030345,-0.022833,0.025848,0.057189,0.060744,-0.01434,-0.066268,0.144997,0.161573,-0.125695,0.128541,0.122314,0.039179,-0.04001,0.006935,0.006255,1,./image\01
0.057424,-0.01229,-0.119856,-0.039265,-0.051594,-0.101944,-0.039734,0.00238,-0.10508,0.039798,-0.069543,0.034954,-0.079614,-0.147432,0.003881,0.087057,0.052963,-0.089997,-0.044883,-0.076857,-0.052641,0.011947,-0.073671,-0.067682,-0.152858,-0.011914,0.07386,0.129449,-0.071986,0.058757,0.03668,0.180938,0.192994,-0.072911,0.097831,-0.055007,-0.12151,-0.156165,0.041018,0.021391,-0.184711,-0.070684,-0.159721,-0.015171,0.073583,-0.138953,-0.069007,0.169719,-0.048858,0.021779,0.147537,-0.03575,-0.022957,0.012978,0.165419,0.128543,-0.122774,-0.00088,-0.087724,-0.089613,-0.165772,-0.143336,-0.040823,0.077102,0.108774,-0.051178,-0.040224,0.04138,-0.008092,-0.067491,-0.022312,-0.127773,0.093437,-0.000459,0.071006,-0.005509,-0.058947,0.016268,0.031489,-0.172445,0.051761,0.031343,-0.107142,0.031994,0.100015,-0.258686,-0.087506,-0.161925,-0.053058,0.003167,-0.090744,0.014648,-0.106693,-0.07512,-0.007792,-0.009321,-0.024764,0.012755,-0.087662,-0.053517,-0.047769,0.043262,-0.070681,-0.007388,-0.055101,-0.084802,0.100114,-0.031043,-0.006359,-0.059447,-0.050509,0.130707,-0.033307,-0.012416,0.042912,0.129744,0.127611,-0.006677,-0.061377,0.046497,0.090168,-0.117324,0.104427,0.091252,0.074381,-0.053446,-0.106162,0.06404,1,./image\01
0.00489,-0.191824,0.09196,-0.188905,-0.045645,-0.047054,-0.021327,-0.060564,-0.194901,0.083397,0.021631,-0.060009,-0.050466,-0.076714,0.064277,-0.062947,0.074683,-0.038813,0.130425,0.011773,-0.129501,-0.009291,-0.129757,0.055813,0.013434,0.160269,0.067806,0.077582,0.027521,-0.053755,0.049164,0.081817,-0.114263,-0.167733,0.082916,-0.028082,-0.088101,0.076582,0.109715,-0.020195,0.020398,-0.089635,0.035089,0.109425,0.01931,-0.124042,0.045419,0.033491,-0.049159,-0.084917,-0.016352,0.072211,0.110671,-0.054213,-0.000777,-0.070566,0.051628,0.110222,-0.022143,-0.068891,0.082408,-0.062557,-0.084931,0.152672,-0.029782,0.098475,0.103684,-0.036513,0.097473,0.072967,-0.171281,-0.058758,0.012842,-0.082182,-0.182276,0.044385,-0.093483,-0.06787,0.035902,-0.041656,-0.00814,-0.040074,-0.078192,0.096606,0.064451,-0.246175,0.080773,-0.084617,-0.080126,-0.026701,0.005612,-0.10427,-0.153779,-0.009085,0.117855,-0.131804,0.098584,-0.001764,0.046914,-0.121979,0.085316,0.045559,0.044505,0.070259,-0.002441,0.147079,0.074031,-0.062595,0.065902,-0.148108,0.003335,0.036917,0.14433,0.014676,-0.030358,0.02604,-0.038408,0.097624,0.044384,0.108751,0.03105,0.139326,-0.050414,0.108447,0.113624,-0.117595,0.09665,-0.073446,2,./image\02
0.009751,-0.08194,-0.09704,-0.144814,0.04668,0.050158,-0.097164,0.007734,-0.017506,-0.028382,-0.039642,-0.010675,-0.004555,-0.228894,0.068188,-0.008598,0.054713,0.024215,0.071797,-0.05429,0.015405,0.076495,-0.174404,0.036138,0.007831,0.041436,0.03511,0.165755,-0.029451,0.027203,0.131472,0.185174,0.01273,-0.033093,0.024859,-0.108099,-0.125246,-0.118071,-0.041608,0.007926,-0.048908,-0.010182,0.018609,-0.048868,-0.024776,-0.118756,0.091186,-0.0417,0.013057,0.007804,-0.121932,-0.068087,0.078673,0.032901,0.05646,-0.03344,-0.016011,-0.048169,-0.060947,-0.171621,-0.082455,-0.079472,0.014782,0.280143,0.058645,0.00401,0.09183,-0.023589,0.072241,-0.123225,-0.010674,-0.139505,0.083539,-0.000255,-0.049853,0.024366,-0.038764,0.076958,0.024008,-0.010343,-0.0108,-0.046592,-0.124893,0.033595,0.161274,-0.151339,0.051817,-0.090073,-0.160172,0.161087,0.087298,-0.067317,-0.259398,-0.089206,0.085805,0.009628,-0.12155,0.000461,-0.004115,-0.089099,-0.036478,0.069805,0.124876,-0.004342,-0.02535,0.07569,-0.059509,0.005963,-0.014651,-0.21977,-0.021259,0.008266,-0.052765,0.134312,0.063895,0.073606,0.019497,-0.000171,0.084597,0.120605,0.05494,-0.007816,0.023789,0.131074,0.093513,-0.199596,0.018706,0.013891,2,./image\02
0.119725,-0.058278,-0.237718,0.030173,-0.065661,0.064985,-0.024798,-0.014235,0.0036,0.087871,-0.102486,-0.027111,-0.142669,-0.19971,0.118846,-0.028495,-0.013632,-0.02044,0.098545,-0.025487,-0.097824,0.065623,-0.188086,0.025108,0.013871,0.066545,0.064579,-0.002288,-0.009595,0.083562,0.21484,0.071496,0.021562,-0.092061,0.050156,-0.025427,-0.108909,0.056724,0.152992,0.094709,0.014274,0.102083,-0.075801,-0.153633,0.024269,0.050117,0.024721,0.060875,-0.088309,0.04955,-0.144519,0.030664,0.175384,0.077534,0.071673,0.059661,0.025181,0.051354,-0.026006,-0.189965,0.040235,-0.139442,-0.074071,0.114708,0.150225,0.052056,0.152272,-0.035982,-0.099707,-0.042,0.143319,-0.075463,0.079587,0.004002,-0.053537,-0.015675,-0.02862,0.141447,-0.085908,0.132022,-0.083761,-0.099228,0.055664,0.038324,0.111667,-0.190328,-0.044629,-0.052292,-0.050376,0.016245,-0.010706,-0.134344,-0.207581,0.096842,0.013598,-0.130234,-0.098063,0.100928,-0.054114,-0.038207,-0.028874,0.079799,0.032275,0.056028,-0.015812,0.085357,-0.001959,0.095132,0.057277,-0.043476,0.006784,0.05998,-0.034762,0.039076,-0.040299,0.079356,-0.095902,-0.029115,0.03953,0.016957,0.138872,0.01115,-0.041533,-0.022826,0.00626,-0.104087,-0.051681,-0.046594,2,./image\02
0.127463,0.017625,-0.163,0.075813,-0.019838,0.05228,0.047962,-0.120485,-0.026093,0.051647,-0.119494,-0.114863,-0.122109,-0.199461,0.007204,-0.007897,0.165064,-0.025336,0.065748,-0.129705,-0.022262,-0.00786,-0.090618,-0.039593,-0.084179,-0.073693,0.064321,-0.011609,-0.028972,0.206869,0.141404,0.047358,-0.079777,-0.017354,0.127095,-0.176404,-0.019006,0.023113,0.108972,0.066096,-0.104103,-0.103599,-0.017064,0.007258,0.169177,-0.015688,0.099411,0.092065,-0.032126,0.000553,-0.159052,0.017192,0.01068,0.169963,0.002739,0.070874,-0.03114,0.019209,-0.051614,-0.059249,-0.102252,-0.097422,0.042915,0.053432,0.024228,0.087677,0.027971,0.044027,-0.174217,-0.060208,0.107232,-0.083617,0.057472,-0.040583,-0.009537,0.06183,-0.021118,0.067205,-0.049737,-0.049093,0.002507,0.032912,-0.003823,-0.039942,0.036495,-0.15691,-0.113934,-0.220751,-0.112158,-0.114769,-0.033986,-0.087791,-0.15219,-0.086171,0.027047,-0.05834,-0.121056,0.039604,-0.05428,0.005064,-0.015657,0.13502,0.018776,0.064447,-0.092059,0.095957,-0.056769,0.016048,-0.016508,-0.136216,-0.103045,0.020196,-0.03149,-0.056665,-0.167949,0.00961,-0.068279,-0.031463,-0.186069,0.080123,0.114054,0.009322,0.158073,-0.078876,-0.053066,0.053488,0.010498,-0.078361,2,./image\02
0.159146,-0.04324,-0.184695,-0.002449,-0.143909,0.057639,-0.024273,-0.109377,0.004327,-0.01093,-0.114196,-0.048184,-0.099011,-0.252364,0.042597,-0.056522,0.090422,-0.020959,0.074284,-0.0476,0.004514,0.018321,-0.125316,-0.005022,0.059791,0.037772,0.012971,0.036292,0.045429,0.085858,0.102467,0.112488,-0.084581,-0.070117,0.139995,-0.075431,-0.135364,-0.003757,0.108794,0.080275,-0.064374,0.027182,-0.0582,-0.144488,0.122183,0.064222,0.138017,0.077232,-0.092142,0.032437,-0.139198,0.017554,0.135571,0.061242,0.065083,0.018581,-0.04635,0.035405,0.024162,-0.064893,0.054936,-0.183421,0.002221,0.017974,0.105247,0.132452,0.172535,0.006998,-0.024271,-0.099051,0.125795,-0.116759,0.009613,-0.062464,-0.015205,0.014082,0.004618,0.110895,-0.011347,-0.00489,-0.009581,-0.051178,0.011099,-0.009637,0.106672,-0.160077,-0.079198,-0.224607,-0.043874,-0.00512,0.034376,-0.114193,-0.179283,0.012947,0.003373,0.045135,-0.107843,0.102564,-0.081766,0.022887,0.022597,0.077134,0.140435,0.073401,-0.159802,0.129506,-0.061486,0.146986,-0.027314,-0.108507,-0.043667,0.073257,-0.017099,-0.060682,-0.024859,0.045447,-0.128777,0.007986,-0.044975,0.024923,0.165273,0.002491,0.036727,-0.056362,0.012331,-0.026835,-0.032743,-0.133027,2,./image\02
0.084675,-0.14381,-0.083529,-0.117355,-0.025284,-0.166255,-0.097828,-0.060009,-0.035505,-0.029402,-0.112748,0.021934,-0.038123,-0.107666,-0.039566,0.043903,0.103644,-0.022391,0.052602,-0.071137,-0.033024,0.058897,-0.005353,-0.014371,0.063501,-0.02426,0.103976,0.12186,0.00066,0.044571,-0.012896,0.073258,0.089672,-0.063738,-0.05919,0.083517,-0.046235,0.020522,-0.019084,-0.029875,-0.159139,0.103197,-0.030816,-0.102991,0.069699,-0.03651,-0.034155,0.076156,-0.15782,0.095881,-0.017257,0.035418,-0.008026,-0.012552,-0.004626,0.113855,-0.117549,0.102055,-0.023386,-0.048735,0.056356,-0.079614,-0.038846,0.225768,0.069435,0.047041,0.022775,0.022649,-0.024059,-0.105844,0.025804,-0.102558,0.053592,-0.1052,0.149079,-0.037296,-0.031858,0.034642,-0.000878,-0.196791,-0.088535,0.096454,-0.074018,0.157879,0.007288,-0.074704,0.09163,-0.195364,-0.072663,-0.03656,0.010419,0.040184,-0.004541,-0.035562,0.03073,0.019605,-0.130579,-0.107725,-0.0793,0.019163,0.02343,0.233594,0.156183,-0.198224,-0.035083,-0.072307,-0.096822,0.009475,-0.014586,-0.189681,-0.016982,0.044919,0.008844,0.141802,0.081724,0.169019,-0.033359,0.182685,-0.14639,0.148952,0.012747,-0.004885,0.084218,0.019261,0.086666,-0.096965,0.025023,-0.062007,3,./image\03
0.105828,-0.109367,-0.109371,-0.106594,-0.040642,-0.120605,-0.045297,-0.109257,-0.031044,-0.045588,-0.153954,0.05367,-0.063479,-0.065916,-0.044122,-0.005806,0.065592,-0.066503,-0.001377,-0.039022,-0.017072,0.057818,-0.081471,-0.000167,0.003816,-0.065873,0.012159,0.062337,0.035444,0.100295,0.079673,0.062277,0.088313,-0.038101,-0.136094,0.054968,-0.063809,-0.003908,0.08299,-0.061854,-0.101541,0.146087,-0.047175,-0.146249,0.073489,0.042202,-0.003752,0.076771,-0.25891,0.152001,-0.040891,0.033044,0.012461,-0.088525,-0.014027,0.113942,-0.12569,0.085161,0.045854,-0.021962,0.074362,-0.122667,-0.068644,0.181324,0.063224,0.051826,0.036509,-0.032131,-0.01889,-0.174656,0.061345,-0.106455,0.06944,-0.121948,0.144605,-0.007032,-0.009638,-0.001721,0.022163,-0.138537,-0.10068,0.090698,-0.061251,0.138268,-0.004538,-0.054645,0.087853,-0.130585,-0.016301,0.001928,-0.022053,0.06525,-0.027655,0.033463,0.083892,-0.002695,-0.119236,-0.10232,-0.130806,0.027409,0.046715,0.176764,0.104805,-0.174688,-0.086029,-0.108069,-0.043318,0.005612,-0.014554,-0.142026,0.007641,0.06284,0.005659,0.117627,0.067441,0.132625,-0.051932,0.193272,-0.186265,0.139732,-0.004957,0.047345,0.102556,-0.019587,-0.000972,-0.072707,0.001833,-0.105317,3,./image\03
0.043287,-0.083009,-0.122349,-0.100389,0.044347,-0.162077,-0.040141,-0.116481,-0.044663,-0.048587,-0.070035,0.098028,0.02155,-0.151083,0.005655,0.009503,0.111585,-0.015065,0.046586,-0.045355,-0.126179,0.101611,-0.070541,-0.00416,0.003075,-0.013906,0.075883,0.083967,0.037533,0.099072,0.026669,0.022384,0.085678,-0.105274,-0.022011,0.081891,0.006959,0.027384,0.014463,-0.021813,-0.076313,0.099872,-0.027858,-0.004981,0.045168,-0.07392,0.00306,0.036178,-0.174795,0.163724,-0.001896,0.072234,-0.001216,-0.031081,-0.055847,0.103893,-0.123257,0.083949,-0.025674,-0.061092,0.067213,-0.166788,-0.068637,0.131611,0.072537,0.098481,0.008954,0.028663,-0.01891,-0.144627,0.047451,-0.119297,0.023802,-0.101879,0.163424,-0.008921,0.023461,0.021322,-0.048185,-0.151323,-0.130519,0.174468,-0.078811,0.175628,0.026614,-0.027774,0.100749,-0.125966,-0.064342,0.011579,-0.077698,0.021234,0.021816,-0.054206,0.012857,0.008439,-0.114598,-0.134464,-0.114504,-0.004407,0.009173,0.221574,0.163981,-0.202011,-0.107323,-0.026207,-0.027429,0.016044,0.070629,-0.176095,-0.021012,0.118506,0.04238,0.109251,0.101128,0.140498,-0.041462,0.13593,-0.102466,0.151804,0.010707,0.002646,0.143517,-0.038723,0.057286,-0.052565,0.01195,-0.033755,3,./image\03
0.085139,-0.105833,-0.112838,-0.151361,-0.041942,-0.100558,-0.033358,-0.106846,-0.086922,-0.055531,-0.111112,0.15357,0.017477,-0.197633,0.037316,0.06891,0.096819,0.007578,0.084088,0.007688,-0.075195,0.097642,-0.122466,-0.000921,-0.056107,0.014188,-0.001281,0.093003,0.019086,0.075557,0.105268,0.054313,0.065359,-0.109281,-0.033015,0.021841,-0.079142,0.032018,0.066918,0.005095,-0.128357,0.162897,-0.002917,-0.068592,0.057003,-0.059996,0.012841,0.081006,-0.152028,0.163713,0.018279,0.008128,0.012814,-0.030767,0.067407,0.034923,-0.135597,0.147473,-0.043965,-0.054287,0.048199,-0.143964,-0.073482,0.177648,0.104693,0.073672,0.043187,0.013524,-0.01589,-0.112141,0.032184,-0.114715,0.072307,-0.098715,0.11873,-0.011649,-0.118344,0.033918,-0.007876,-0.1246,-0.110663,0.085824,-0.078047,0.128506,-0.01366,-0.059379,0.081759,-0.085711,-0.092637,-0.005014,0.032894,0.020276,-0.051999,-0.07249,0.062996,0.003597,-0.110265,-0.104788,-0.061784,-0.02012,0.030235,0.191962,0.103091,-0.135416,-0.103307,-0.122282,-0.010479,0.030734,0.057811,-0.188959,-0.049132,0.069771,0.059343,0.096359,0.061142,0.115685,-0.035953,0.188249,-0.047261,0.092303,-0.005058,0.017188,0.148985,-0.029137,0.072595,-0.149177,-0.049173,-0.110762,3,./image\03
0.08675,-0.092938,-0.115795,-0.097429,-0.017404,-0.12599,-0.059019,-0.115161,-0.019136,-0.078146,-0.132418,0.06681,-0.0507,-0.129518,-0.007024,-0.005577,0.088749,-0.030432,0.045329,-0.041504,-0.050547,0.064475,-0.144599,-0.014478,0.001922,-0.069419,0.027496,0.106902,0.020352,0.111031,0.036159,0.053787,0.039418,-0.057163,-0.042877,0.079655,-0.040957,-0.041016,0.066926,-0.054711,-0.073902,0.126535,-0.076616,-0.091633,0.084419,-0.015079,0.010871,0.077148,-0.217204,0.138991,-0.029453,0.052137,-0.005137,-0.036408,-0.021122,0.127907,-0.118313,0.057512,-0.012616,-0.002957,0.096599,-0.124594,-0.037245,0.155374,0.085234,0.133242,0.054291,-0.00584,-0.017118,-0.136847,0.117069,-0.117373,0.032511,-0.090208,0.164491,-0.004986,0.007725,0.032743,-0.005203,-0.090534,-0.123159,0.107801,-0.023714,0.144127,0.042303,-0.080619,0.096005,-0.153968,-0.02589,-0.020517,-0.052064,0.037616,-0.045779,0.021571,0.031413,-0.000329,-0.125403,-0.115133,-0.109174,0.073094,0.028048,0.235886,0.11903,-0.165519,-0.085834,-0.049234,-0.047928,0.026213,0.004941,-0.151491,-0.006303,0.056857,0.007103,0.068037,0.055091,0.153992,-0.020787,0.211887,-0.182408,0.113616,0.033177,0.067006,0.164625,-0.060901,0.023753,-0.047011,-0.038421,-0.107607,3,./image\03
-0.016323,-0.014759,-0.10376,0.054967,0.009796,-0.145163,0.011868,-0.244578,-0.038038,-0.073874,0.046243,0.042067,0.033619,-0.218916,0.097451,0.024664,0.194468,0.07917,0.008704,0.050587,-0.038186,-0.037879,-0.080091,-0.002992,0.037836,0.079032,0.043812,0.13191,-0.013432,-0.004239,0.083229,0.095701,0.062189,-0.037984,0.028979,-0.031195,-0.016828,-0.008994,0.114132,-0.008755,-0.003466,0.070586,-0.067792,-0.034836,-0.030108,0.017532,0.033738,0.012135,-0.110133,0.036944,0.112103,0.078745,-0.025702,0.017552,0.175401,0.139857,0.00885,0.049104,-0.049122,-0.111027,0.154917,-0.147956,0.022305,0.106021,0.113739,0.12599,0.088568,-0.027416,0.005337,-0.052192,0.014679,-0.155372,0.109528,-0.054426,-0.031107,0.037136,-0.01317,-0.021428,-0.03678,-0.128201,-0.035005,0.084411,-0.029994,0.228929,0.02331,-0.01912,0.08866,-0.137536,-0.134162,0.035323,-0.010879,-0.00099,0.030671,-0.016777,-0.006931,-0.068383,0.104659,-0.020129,-0.235748,-0.077491,-0.077569,0.14657,0.033273,-0.021522,0.02886,0.010437,-0.060073,0.023657,0.038132,-0.079719,-0.173474,0.19978,0.123459,-0.045261,0.012726,0.061214,-0.182633,0.061652,0.0887,0.023225,-0.056294,0.018566,0.202127,-0.001164,0.156088,-0.079661,0.035894,0.006314,4,./image\04
-0.023947,0.008336,-0.149761,0.059434,0.026946,-0.068203,0.004181,-0.19475,-0.017854,-0.122263,0.049151,0.056435,0.038237,-0.093601,0.064033,0.046621,0.130158,-0.064732,0.000661,-0.026094,-0.075189,-0.037842,-0.184003,0.02461,0.103038,0.074475,0.048358,0.18253,-0.00945,-0.006568,0.109306,0.156052,0.036415,-0.034214,-0.002717,-0.016328,-0.10465,-0.004894,0.199339,0.05905,0.030938,0.142465,-0.016554,-0.088412,-0.055972,0.027183,-0.031092,0.051087,-0.077594,0.108361,0.0664,0.124766,0.092748,0.021185,0.174336,0.1202,-0.003549,-0.038045,0.023069,-0.063247,0.073072,-0.121192,0.02247,0.116146,0.129313,0.066107,0.045186,-0.019891,-0.028765,-0.043196,0.016387,-0.083456,0.090954,-0.026524,-0.127348,0.030472,0.062944,0.073353,-0.01072,-0.054477,-0.018304,0.051786,-0.017673,0.16839,0.062829,-0.056776,0.104516,-0.126646,-0.164353,0.032371,0.108476,0.015921,-0.008032,-0.046338,0.037834,0.031556,0.054495,0.017452,-0.286928,-0.075341,-0.101189,0.06781,0.046163,-0.032965,-0.039939,-0.019097,-0.038321,0.034744,-0.000759,-0.073664,-0.069987,0.121481,0.127014,-0.008381,0.052576,0.047324,-0.085966,0.138329,0.121481,0.010504,-0.015265,-0.007294,0.286435,0.001832,0.17331,-0.123235,0.062712,0.002584,4,./image\04
0.032794,0.071681,-0.129153,0.012481,-0.11382,0.061164,-0.023885,-0.061009,0.01933,-0.001164,-0.104702,0.091826,-0.014255,-0.294411,0.09685,0.16347,0.140162,0.040769,0.12834,0.10507,0.016605,0.040196,-0.139927,0.07546,-0.105095,0.077549,-0.062628,0.083545,0.0221,0.014196,0.008261,0.008763,-0.050421,-0.075025,0.140369,-0.116408,-0.047788,-0.026702,0.13328,0.063022,-0.198876,0.016395,-0.052591,-0.008167,-0.000052,0.080906,-0.006646,0.090986,-0.044394,0.038161,0.061962,-0.0027,0.022343,0.128466,0.092435,0.082991,-0.060937,-0.001694,-0.011779,0.032888,-0.062021,-0.009629,-0.017601,0.097807,0.198912,0.073064,0.146059,0.020474,0.006328,-0.034575,0.093981,-0.083309,0.036021,0.017532,0.058816,0.069097,-0.09068,0.078991,-0.085135,-0.037359,-0.025888,-0.109098,-0.103772,-0.008854,0.077806,-0.226314,-0.067239,-0.16115,-0.223888,-0.08298,0.118947,-0.106954,-0.114085,-0.131588,-0.120067,-0.025597,0.017604,0.023495,-0.076794,-0.044038,-0.036775,0.095114,0.014791,0.10259,-0.17941,-0.034865,-0.069076,-0.075534,0.020681,-0.042999,-0.02274,0.035897,0.029272,-0.056068,-0.030953,0.030418,-0.049033,0.117182,0.013033,0.084872,0.121851,-0.084559,0.15944,-0.041197,0.029167,-0.100507,0.031445,-0.047364,5,./image\05
0.049082,-0.035765,-0.010516,0.036987,0.043103,0.030208,-0.09713,-0.067812,0.003512,0.043204,-0.122806,-0.026069,-0.127649,-0.132367,0.0405,-0.113233,0.042272,-0.058952,-0.020472,-0.024898,0.000071,-0.030904,-0.033589,0.060894,0.063187,-0.022235,-0.071213,0.13541,-0.00948,-0.006161,0.164372,-0.038269,0.00566,-0.109209,0.105946,-0.145636,-0.032448,-0.017313,0.171358,0.060871,-0.09918,0.035675,-0.071454,-0.055726,-0.074216,0.078804,0.008144,0.157055,-0.12301,0.095425,-0.023232,0.060052,0.166706,-0.025102,0.103584,0.144902,0.105549,-0.040688,0.062713,-0.039832,0.103649,-0.149894,-0.007392,0.177238,0.049129,0.037259,-0.006428,0.022094,-0.025048,-0.077116,-0.112524,-0.150105,0.05172,-0.123036,-0.079004,0.03937,0.050585,0.110637,-0.079366,-0.018566,-0.076479,-0.131614,0.052428,0.14892,0.052356,-0.212233,0.100552,-0.165168,-0.125244,0.019934,0.033963,-0.097257,-0.217809,-0.064257,0.116892,-0.094712,0.018873,-0.097742,-0.108847,-0.099413,-0.046821,0.170533,-0.013856,0.071763,-0.01631,0.002488,-0.04582,-0.080288,0.089519,-0.171553,-0.001409,-0.018759,0.00265,0.062756,0.003568,0.096217,-0.042389,0.145199,0.043525,0.036398,0.061378,-0.088639,0.021013,0.006885,0.058095,-0.199237,0.020785,0.016846,5,./image\05
-0.041024,-0.047365,-0.071755,-0.072095,0.111811,-0.019673,-0.084835,-0.032901,0.042809,-0.0135,-0.013042,0.024343,-0.10263,-0.17752,0.136139,-0.039214,0.034379,-0.017291,-0.020797,0.017361,-0.005766,0.003987,-0.162891,0.049897,0.024972,0.01623,0.011854,0.087252,-0.049392,0.067219,0.189702,0.070475,0.02535,-0.049204,0.07348,-0.152464,-0.137311,-0.058438,0.091565,0.04307,-0.030435,0.005271,-0.046143,-0.012139,-0.097105,-0.052733,0.034356,0.043298,-0.083394,0.093328,0.004958,0.02892,0.168709,-0.057135,0.108206,-0.090887,0.107305,-0.032709,-0.101784,-0.184147,0.065715,-0.11868,-0.052745,0.214931,0.084051,-0.004,0.031232,-0.050351,0.038351,-0.104054,-0.023964,-0.256344,0.053099,-0.079852,-0.105573,0.016465,0.091334,0.091136,-0.043503,-0.015353,-0.079944,-0.078544,0.007882,0.136813,0.113427,-0.109931,0.134163,-0.077379,-0.177879,0.112928,0.025804,-0.086433,-0.190255,-0.008511,0.133184,-0.07628,0.024231,0.008843,-0.170855,-0.104003,-0.063602,0.103252,0.034955,0.072861,0.00506,0.030463,-0.022367,-0.000602,0.038018,-0.112556,-0.055861,0.023927,0.043298,0.042812,0.004469,0.047603,-0.04693,0.057382,0.131065,-0.00762,0.014054,-0.002992,-0.005351,0.050148,0.132302,-0.265776,-0.092519,0.078172,5,./image\05
0.031268,0.00163,-0.028891,-0.136798,-0.098612,0.123824,-0.030176,-0.122331,-0.043472,-0.020673,-0.097265,0.185347,0.044088,-0.268458,0.026545,-0.053893,0.150497,0.026813,0.069301,0.119235,0.092617,0.074794,-0.10589,0.031869,-0.040892,0.016965,-0.058607,-0.063429,0.101058,0.005383,0.164309,-0.030072,0.007517,-0.173127,0.061154,-0.019451,-0.155406,-0.00211,0.004286,0.027228,-0.114327,0.103314,0.033963,0.032825,0.003939,-0.085479,0.047346,0.020762,-0.102999,0.078277,-0.142925,-0.045585,0.069504,-0.001158,0.05271,-0.02734,0.023204,0.086042,-0.056298,-0.100726,-0.021235,-0.18625,-0.032677,0.123249,0.086365,0.072851,0.129922,-0.014278,-0.046395,0.00084,0.030412,-0.010534,0.003752,-0.03936,0.106985,-0.07183,-0.088449,-0.006725,-0.066505,0.030572,-0.01566,0.002978,-0.07039,0.000813,0.086512,0.037662,-0.011313,-0.141276,-0.20624,0.019462,0.062701,-0.076131,-0.161759,-0.12853,0.016988,0.034174,-0.144955,-0.001832,0.021299,-0.144905,-0.011522,0.063349,0.118398,0.08927,-0.130419,-0.080983,-0.016102,0.014716,0.157119,-0.185762,-0.076495,0.025523,0.106356,0.165016,-0.03629,-0.002631,-0.036469,0.072738,0.098576,0.115389,0.147478,-0.071972,0.066363,-0.112685,0.009719,-0.120172,0.021309,-0.029215,5,./image\05
0.099314,0.006275,-0.133114,0.025251,-0.079746,0.097909,0.002686,-0.114109,0.039685,0.050791,-0.149208,0.086975,-0.008803,-0.302051,0.09789,0.044769,0.165787,-0.050641,0.126419,0.091164,0.04322,0.020875,-0.165356,0.096179,-0.037323,0.058126,0.002043,0.041642,0.034277,0.043581,0.102254,0.021056,-0.039251,-0.152865,0.13719,-0.100135,-0.179189,0.008401,0.08824,0.076338,-0.17679,0.068091,-0.090179,-0.00514,-0.005125,0.061881,0.059603,0.09469,-0.100914,0.044312,-0.017756,0.010499,0.049067,0.030025,0.153054,0.022864,-0.004691,0.016971,-0.014201,-0.037739,-0.020742,-0.093568,-0.003928,0.023142,0.135412,0.09,0.122969,0.032755,-0.017648,-0.023744,0.082423,-0.150598,0.048229,-0.041069,0.019827,0.066885,-0.083885,0.07741,-0.087726,-0.002023,-0.017842,-0.11387,-0.048327,0.016476,0.086312,-0.155918,-0.009489,-0.199688,-0.150635,-0.049234,0.119665,-0.099997,-0.136416,-0.081946,-0.038496,0.023202,-0.030717,0.053304,-0.113869,-0.028563,-0.032906,0.120092,0.038502,0.050961,-0.132765,-0.088264,-0.051367,0.031642,0.104927,-0.101371,-0.089054,0.020856,0.034785,-0.029089,-0.079745,0.03938,-0.116687,0.115051,0.066994,0.040308,0.162634,-0.05031,0.055329,-0.068152,0.116467,-0.126323,-0.011742,-0.092551,5,./image\05
0.018915,-0.044103,-0.099984,-0.084861,-0.009984,0.00322,-0.034523,-0.071359,-0.019714,0.054697,0.006816,0.109737,-0.062942,-0.19644,0.117586,0.051861,0.047355,-0.106063,-0.065095,-0.080472,-0.03805,-0.039502,-0.113132,0.025821,0.088576,0.042925,0.012041,0.123701,0.055734,0.042361,0.115766,-0.041605,0.055255,-0.143526,0.177994,0.088741,-0.182254,-0.000429,0.121725,0.149637,-0.055449,0.162867,-0.062861,-0.063506,-0.008485,-0.088555,-0.021493,0.088455,-0.09801,-0.036839,0.053721,0.096085,0.134663,-0.079004,0.044548,0.111914,0.067044,0.002579,0.01435,-0.076296,0.118843,-0.175158,-0.081954,0.035608,0.149111,0.037074,0.078544,0.085271,-0.006954,-0.087828,0.015706,-0.038253,0.007756,-0.141097,0.127652,0.034915,0.093053,0.196261,-0.130092,-0.014615,-0.128729,0.028912,-0.068507,0.029847,0.017841,-0.14687,0.024387,-0.147135,-0.064233,0.103177,-0.00185,-0.047495,-0.033882,0.027224,-0.00715,0.062998,-0.083934,-0.033921,-0.090039,0.055635,0.012222,0.085462,0.028169,-0.053932,-0.022474,-0.001314,-0.066407,0.022555,0.110205,-0.015211,0.005522,0.181772,0.060124,-0.046195,0.133807,0.17322,-0.047578,0.117389,0.075911,0.020816,0.144202,-0.123702,0.088737,-0.030625,0.155207,-0.172167,-0.060598,-0.054793,6,./image\06
0.039142,-0.078082,-0.106908,0.017931,0.079943,-0.109487,-0.025777,-0.183507,-0.043916,0.001737,-0.107321,-0.12387,-0.1176,-0.063811,0.07643,-0.022287,0.111221,-0.084658,-0.112583,-0.231649,-0.005377,-0.002031,-0.115373,-0.017179,0.163499,0.033678,-0.065936,0.06718,0.102996,0.069816,0.201258,-0.009482,0.004461,-0.00775,0.169069,0.0451,-0.107669,0.029485,0.032742,0.074626,0.007766,0.141515,-0.016136,-0.062604,-0.011711,-0.050106,-0.053244,0.149404,-0.044461,0.017773,0.032229,0.017193,0.048983,-0.071035,0.040883,0.137397,0.118654,-0.115592,-0.034048,-0.046565,0.026084,-0.213428,-0.104023,0.15431,-0.017327,0.028569,-0.010057,-0.022527,0.030871,-0.087928,0.114006,-0.053154,0.002892,-0.157183,0.08858,0.006812,0.137176,0.108876,-0.105338,-0.044211,-0.118293,0.122787,0.004306,0.036542,0.038265,-0.125498,0.03186,-0.196674,-0.04456,0.132424,-0.038331,0.035933,-0.046002,0.094763,0.064835,0.001675,-0.054906,0.077536,-0.070823,0.018982,0.076311,0.081287,-0.023837,-0.04586,0.079194,-0.010224,-0.064145,0.016962,-0.017613,-0.164154,-0.058209,0.118537,0.007857,0.008135,0.080953,0.051159,0.102346,0.053314,-0.094255,0.061471,0.22941,-0.107861,0.073365,-0.059452,-0.01506,-0.068399,-0.103856,-0.028595,6,./image\06
0.044364,-0.107716,-0.079067,0.010989,0.047017,-0.112018,-0.066435,-0.139993,-0.115799,0.061118,-0.068464,-0.007217,-0.044004,-0.071498,0.12316,0.038593,0.184004,-0.06968,-0.055898,-0.14556,-0.05143,-0.06978,-0.111199,-0.03518,0.096539,-0.010137,-0.065823,0.119584,0.122523,0.081433,0.227868,-0.035697,0.092101,-0.084575,0.126291,0.090499,-0.074999,0.035,0.070311,0.079279,0.008241,0.187268,-0.016883,-0.107166,0.001074,-0.070211,-0.052802,0.150271,-0.123182,0.078523,0.010067,0.050638,0.056294,0.024159,0.06578,0.106358,0.055698,-0.052309,0.00684,-0.030524,0.083181,-0.253566,-0.024896,0.099227,-0.019087,0.018648,0.010415,-0.02741,-0.019179,-0.029173,0.087741,-0.060134,0.022043,-0.087645,0.149398,0.031,0.128674,0.085943,-0.03024,-0.011397,-0.123129,0.117358,-0.036373,-0.006612,0.04852,-0.080849,-0.001456,-0.182476,-0.016822,0.135815,-0.122339,0.079766,-0.029803,0.088348,0.026681,-0.022135,-0.108343,0.042053,-0.150166,0.003974,0.071712,0.153784,-0.021656,-0.096103,0.082,0.020522,-0.076502,0.000289,0.02648,-0.059739,-0.082203,0.229873,-0.007289,-0.062939,0.04727,0.02023,0.01902,-0.032282,-0.115993,-0.008335,0.160047,-0.141132,0.127099,-0.102181,0.045242,-0.015324,-0.034592,-0.009327,6,./image\06
0.056727,-0.111777,-0.065963,-0.072146,-0.003791,-0.135061,-0.144147,-0.154354,-0.123854,0.010091,0.005876,0.004842,-0.134243,-0.062281,0.06793,0.041919,0.152653,0.021997,0.038008,-0.168587,0.015321,-0.138074,-0.072313,-0.080137,0.115912,-0.030745,-0.162197,0.135763,0.138504,0.144795,0.180872,0.029629,0.027182,-0.055607,0.101748,0.099192,-0.05693,0.139332,0.064159,0.128261,0.003553,0.226987,0.076354,-0.046425,-0.058526,-0.043803,-0.09213,0.159591,-0.12681,0.094574,0.047321,0.015146,0.046857,0.081413,0.054574,0.149546,0.002198,0.009431,0.013266,-0.052583,0.064923,-0.224485,-0.03363,0.098452,-0.017423,0.088859,-0.027114,0.008894,-0.023937,-0.004891,0.052838,-0.036713,0.031778,-0.089656,0.048587,0.047014,0.11749,0.086273,-0.155214,-0.045939,-0.113581,0.071422,-0.039895,0.07856,-0.00842,-0.116663,0.024408,-0.184259,-0.089728,0.136394,-0.00241,0.007328,-0.023808,0.034343,-0.022318,0.003876,-0.042406,-0.040305,-0.143787,-0.052001,-0.032052,0.092983,0.079255,-0.097577,0.064642,-0.041834,-0.05178,0.039781,0.060654,-0.063314,0.047693,0.068392,0.000418,0.020923,0.09987,-0.015291,0.101361,0.024714,-0.084049,-0.048027,0.116974,-0.084512,0.147527,-0.08125,0.021635,-0.077772,-0.111545,-0.022316,6,./image\06
0.031231,-0.12722,-0.073615,-0.038226,0.079395,-0.132896,-0.030204,-0.19333,-0.043852,0.013973,-0.087272,-0.047869,-0.064195,-0.057959,0.081108,-0.032468,0.119383,-0.089711,-0.098635,-0.219205,-0.019357,-0.079766,-0.127421,0.002357,0.087423,0.049099,-0.072915,0.037061,0.108807,0.042621,0.205941,-0.002726,0.077123,-0.041425,0.073965,0.134998,-0.120326,0.053662,0.069662,0.042265,0.070083,0.186266,-0.031876,-0.110013,-0.071488,-0.018575,-0.089484,0.172413,-0.13671,0.016979,0.043604,0.050939,0.033756,-0.0558,0.109111,0.122421,0.050863,-0.093645,0.018774,-0.067739,0.037622,-0.269816,-0.109866,0.162185,0.021412,0.048953,-0.014726,-0.055043,0.029486,-0.038947,0.100274,-0.038974,0.042681,-0.142024,0.105175,0.002422,0.07579,0.06644,-0.08562,-0.0594,-0.134735,0.10319,-0.051535,0.027008,0.014904,-0.087119,0.003393,-0.164678,-0.021108,0.161782,-0.038252,0.084883,0.001538,0.107855,0.063484,0.028196,-0.033081,0.083392,-0.153838,-0.019539,0.07714,0.068934,-0.040227,-0.075629,0.058227,0.006711,-0.04221,-0.030075,0.020819,-0.094701,-0.078179,0.197987,0.007239,-0.018039,0.093355,0.048922,0.019023,-0.003463,-0.069393,0.029709,0.120002,-0.118897,0.121538,-0.094637,-0.001247,-0.043689,-0.00259,-0.013586,6,./image\06
-0.013525,0.10076,0.01267,-0.235739,-0.151133,-0.064317,0.056848,0.022781,-0.19274,0.070373,0.02422,0.076952,-0.088483,-0.003817,0.005389,0.060847,-0.127813,-0.118207,-0.13705,-0.00501,-0.040515,0.05364,-0.047002,0.032386,0.056705,-0.094847,0.014937,0.068703,0.003619,-0.053837,0.079785,-0.039717,0.189796,0.108612,-0.032873,-0.02622,-0.02532,-0.177706,0.058507,-0.108313,-0.134696,0.07781,-0.249586,0.046177,-0.02179,-0.192715,-0.02024,0.081583,-0.101211,0.009257,-0.094427,0.048775,-0.001157,0.012659,0.061577,0.055321,-0.035773,0.064334,-0.028917,-0.071953,0.067307,-0.044938,-0.040084,0.060239,0.102947,0.09687,-0.143094,0.131302,0.026543,-0.043205,-0.182988,-0.013375,0.066105,-0.18984,0.015488,-0.025423,-0.093802,-0.037578,0.210897,0.009872,-0.043523,0.018739,-0.06684,0.118983,0.125436,0.023828,-0.012529,0.028454,0.068638,0.141323,-0.005122,0.001779,-0.039345,-0.043721,0.170058,0.027548,-0.040734,-0.14364,0.075302,0.00743,-0.013858,0.145017,-0.10289,0.111031,0.029038,-0.012456,-0.032266,0.037978,-0.06105,-0.064702,-0.019857,-0.02902,0.064828,0.022945,0.019981,0.193,-0.007914,0.004494,0.121901,0.044249,0.049733,0.077959,-0.075644,-0.014034,0.082688,-0.155888,0.017275,0.00463,7,./image\07
0.028571,-0.001213,-0.202424,-0.089399,-0.090358,0.011174,-0.08734,-0.005459,-0.018772,-0.036456,-0.123979,0.040546,-0.007754,-0.102012,0.225514,0.065541,-0.015204,0.004469,0.032304,-0.060873,-0.081062,0.00229,-0.191679,0.069547,-0.002644,-0.004996,-0.001695,0.07945,-0.073352,-0.01879,0.129474,0.044506,0.058143,-0.004861,0.019265,0.020679,-0.130473,-0.147663,0.191189,0.046946,-0.043208,0.024003,-0.100086,-0.171218,0.01376,-0.074204,0.075701,0.013066,-0.080445,0.019444,-0.094808,0.065241,0.037184,0.057959,0.189196,0.02796,-0.064551,-0.084227,0.103381,0.015544,0.045017,-0.136755,0.001839,0.017412,0.228552,-0.047328,0.054332,0.026114,-0.129349,-0.111586,-0.029161,-0.013984,0.138487,-0.083843,0.003968,0.069124,-0.106617,0.009672,0.050498,-0.04423,-0.037297,0.003404,-0.114614,0.095984,0.181942,-0.208951,-0.107636,-0.01647,-0.025951,0.114796,0.081711,0.010045,-0.167368,-0.083439,-0.113953,0.035115,-0.142141,0.101799,-0.017497,0.029428,0.047956,0.035718,-0.016479,-0.040379,0.015939,-0.044984,-0.103219,0.139143,-0.008789,-0.062596,-0.024118,0.081819,0.011314,-0.134726,0.077911,-0.01031,0.002241,0.076626,0.139993,0.145718,0.105063,-0.049255,0.066531,0.070107,0.077985,-0.145552,-0.011842,-0.080717,7,./image\07
0.071946,-0.021861,-0.195202,-0.052257,-0.078381,-0.00781,-0.101798,-0.041706,-0.006786,-0.047342,-0.117617,0.000279,-0.082186,-0.096099,0.118561,0.035266,0.005338,-0.028878,-0.007246,-0.115459,-0.071036,-0.012059,-0.197642,0.007054,-0.034426,-0.012271,-0.005426,0.041507,-0.067206,-0.00489,0.133894,0.060764,0.023216,-0.007952,-0.005091,0.08995,-0.188276,-0.078982,0.165345,0.073634,-0.034575,0.037289,-0.097137,-0.192541,0.034404,-0.079994,0.051747,0.088502,-0.0894,-0.005454,-0.079578,0.060278,0.056482,0.035129,0.227537,0.039192,-0.091521,-0.090631,0.112884,0.001007,-0.012479,-0.20261,0.003447,0.023623,0.201697,-0.026039,0.025222,0.054414,-0.154902,-0.106632,-0.020958,-0.011378,0.074245,-0.084212,0.027183,0.098506,-0.140016,0.061527,0.018944,-0.087455,-0.016067,-0.004286,-0.132603,0.070115,0.141215,-0.205246,-0.168832,-0.052109,-0.035019,0.067369,0.088756,0.017261,-0.096897,-0.046943,-0.090231,0.033654,-0.170851,0.127285,0.022711,0.044521,0.048314,0.012084,-0.035896,-0.068235,-0.002485,-0.050968,-0.098229,0.157796,-0.084687,-0.100594,0.013157,0.107671,-0.011515,-0.109526,0.05683,0.041583,-0.005436,0.04332,0.038572,0.186374,0.09123,-0.084307,0.059144,0.003718,0.039691,-0.092137,-0.032356,-0.093869,7,./image\07
0.028049,-0.011586,-0.110191,-0.025467,-0.01331,0.065237,-0.04237,-0.028055,0.043502,-0.03264,-0.117799,0.038224,-0.038112,-0.071565,0.098957,0.076817,0.032197,0.015253,0.017202,-0.096811,-0.091844,-0.000245,-0.206155,-0.021563,-0.057094,-0.044529,0.036505,0.054894,-0.086521,-0.016604,0.12755,0.01139,0.051554,-0.069302,-0.015198,-0.035839,-0.075762,-0.129482,0.146651,0.083625,-0.074974,-0.053569,-0.079179,-0.129027,-0.010317,-0.130235,0.045377,0.028365,-0.037769,0.031588,-0.112795,0.06283,-0.007192,0.102174,0.196218,0.034944,-0.019319,-0.112769,0.104289,0.063103,-0.030072,-0.174999,0.122948,0.044742,0.194483,0.005962,0.022576,0.13623,-0.182357,-0.083973,-0.127564,-0.008136,0.108029,-0.08977,0.070624,0.115452,-0.121312,0.013451,0.001652,-0.027611,-0.075972,0.016772,-0.120075,0.05222,0.106897,-0.177786,-0.180426,-0.035063,-0.040245,0.111106,0.072182,-0.04908,-0.0997,-0.197203,-0.12486,0.008717,-0.209948,0.09271,0.04502,0.013732,0.045534,0.069611,-0.029275,-0.045454,0.053299,-0.034548,-0.180044,0.107006,-0.020772,-0.119373,0.024452,0.088052,-0.013471,-0.106442,0.039344,-0.030388,-0.010758,0.079135,0.08983,0.173402,0.075487,-0.103179,0.094775,0.041873,0.055949,-0.086748,-0.002282,-0.011122,7,./image\07
-0.073821,0.09816,0.012844,-0.101498,-0.116218,-0.029771,0.023976,-0.099274,-0.142819,0.089129,-0.031709,0.100606,-0.008351,0.070805,0.102894,0.082379,-0.058582,-0.031542,-0.018007,-0.069393,-0.1375,-0.051965,0.02339,0.003281,0.019869,-0.020223,0.110902,0.000559,-0.011119,0.006874,0.049429,-0.112359,0.089335,0.112525,0.020493,-0.019944,0.051182,-0.074681,0.028209,-0.08438,0.006458,-0.024158,-0.124503,0.114881,0.024404,-0.143831,-0.02887,0.085994,0.048068,0.028623,-0.189814,0.039256,0.02044,0.180429,0.038866,0.046036,0.017106,0.133419,0.009097,-0.147443,-0.046475,0.069015,-0.059937,0.145925,0.054187,0.180878,-0.127718,-0.061707,-0.020089,0.098861,-0.02959,0.015804,0.222813,0.040485,-0.155302,-0.115784,-0.065418,-0.110449,0.208683,-0.039378,-0.055908,-0.057896,0.039007,0.151926,0.190768,-0.045347,0.0611,0.033332,-0.00657,0.109261,-0.060562,0.040893,-0.017186,-0.096227,0.067892,0.095647,0.033012,0.006833,-0.066461,-0.097244,-0.096383,0.115381,-0.077214,0.19079,0.151157,0.119956,0.010922,0.076105,0.001619,-0.085904,0.000743,0.013786,0.061939,0.070841,-0.06852,0.103782,0.052138,-0.024067,0.15663,-0.064285,0.103786,-0.022047,0.013314,-0.016866,0.029566,-0.075639,0.210724,-0.004706,7,./image\07
-0.036756,-0.054722,-0.024804,0.070302,-0.033016,-0.068135,0.031382,-0.140207,-0.103052,0.02078,-0.049128,-0.034396,-0.093886,-0.169416,0.21304,-0.008167,0.199574,0.04521,-0.022107,-0.119172,-0.060759,-0.153015,-0.062954,0.045974,0.151926,-0.072308,0.006271,0.143963,-0.001611,0.108919,0.207505,-0.027876,0.037277,0.046462,0.010696,-0.145786,0.049752,-0.025111,-0.002786,0.017036,-0.026396,0.06342,-0.015023,0.11112,0.022871,0.08944,0.082175,0.047906,-0.059401,-0.06169,0.023029,-0.015155,-0.007332,0.113843,0.111806,0.095918,0.10592,0.08726,-0.093247,-0.042932,0.112474,-0.035368,0.020107,0.176682,0.144191,0.062971,-0.040422,0.0034,-0.053692,-0.071629,0.03938,-0.06873,0.092117,-0.044241,-0.104484,0.086747,-0.000939,0.046945,0.021883,0.084514,-0.093151,0.094228,0.025288,0.055491,-0.04199,-0.129509,0.076101,-0.129635,-0.168053,0.051714,0.03704,-0.033627,-0.099511,0.018844,0.042888,-0.083234,0.03428,0.0306,-0.093799,0.018295,-0.031075,0.11509,-0.035503,0.106867,0.026305,0.020152,-0.217989,-0.078883,0.060387,-0.132621,-0.324713,0.031515,0.113787,-0.137346,-0.074783,-0.004711,-0.05786,0.017144,0.083316,0.004715,0.069218,-0.007479,0.123476,0.007242,0.057577,-0.053467,0.024368,-0.029278,8,./image\08
-0.011497,-0.101103,-0.073969,-0.053979,0.085375,-0.13572,-0.030059,0.008812,-0.014359,-0.04352,0.015811,-0.009372,-0.069172,-0.059035,0.112179,-0.077317,0.177333,0.022529,-0.062634,-0.067024,-0.08819,-0.076928,-0.150801,-0.073924,0.090215,0.004355,0.038805,0.073976,-0.018888,0.058607,0.106809,0.126072,0.154373,-0.083743,0.077436,-0.110203,-0.02398,0.006168,-0.00805,0.023607,0.040199,0.066312,-0.109907,0.063858,-0.089684,-0.120172,-0.056512,0.014314,0.01451,0.003939,0.015042,-0.02535,0.030029,-0.100583,0.187435,-0.004793,0.234311,0.007846,-0.075981,-0.212918,0.025339,-0.082225,0.026062,0.239508,0.065025,0.079195,-0.032495,-0.026356,0.113432,-0.078769,-0.063453,-0.134913,-0.015416,-0.050818,-0.082415,-0.055616,-0.011575,-0.078117,0.02536,-0.039714,0.000769,0.019745,-0.032954,0.083101,0.094002,-0.091835,0.034119,-0.062467,-0.212197,0.224179,-0.025733,-0.002271,-0.152738,-0.009543,-0.042921,-0.053722,0.131559,0.027612,-0.176614,-0.078493,-0.138179,0.050041,-0.041138,0.041656,0.119086,0.053268,-0.036943,-0.117633,0.038883,-0.025321,-0.135787,0.075181,0.066031,0.020687,-0.018965,-0.047882,-0.031219,-0.060961,0.255798,-0.023265,0.038399,0.032878,-0.030079,0.015436,0.071092,-0.113624,-0.09998,0.039159,8,./image\08
-0.006816,-0.007425,-0.167256,-0.086893,-0.025938,-0.114295,-0.07977,0.035656,-0.046673,-0.028986,0.001706,-0.007656,-0.056005,-0.214068,0.189379,-0.028897,0.059482,-0.044195,-0.056678,-0.031013,-0.071186,-0.018819,-0.094772,0.197761,0.058594,-0.002288,-0.014918,0.164635,0.022539,0.033501,0.08119,0.071883,-0.047137,-0.039957,0.075163,-0.151405,-0.112924,-0.051883,0.052863,0.055906,-0.15242,0.021756,0.053015,0.044953,-0.070687,-0.028366,0.097445,0.028881,-0.04931,0.021487,0.129636,0.025427,0.161229,0.024781,0.007076,0.016144,-0.034659,-0.024166,-0.113801,-0.049436,-0.016668,-0.042695,-0.067432,0.127402,0.198521,-0.022159,0.001688,0.032224,0.013068,-0.113731,-0.031508,-0.085754,0.080258,-0.150764,-0.156343,0.021461,0.042201,0.054296,-0.056552,-0.116148,-0.029669,0.012324,-0.060485,0.119237,0.022322,-0.194883,0.068042,-0.18698,-0.129891,0.034152,0.184122,-0.10097,-0.225772,-0.024483,0.045803,0.021272,0.077655,-0.053988,-0.072415,-0.067103,0.024219,0.074084,0.137003,0.102463,-0.094505,-0.016268,-0.077791,-0.049013,0.076347,-0.111445,-0.067105,-0.029812,0.096142,0.007171,0.067206,-0.018245,-0.037572,0.116665,0.131615,0.050415,0.030111,-0.028864,0.034406,0.100367,0.060595,-0.202904,-0.026681,-0.08458,8,./image\08
-0.013585,-0.136369,-0.032607,-0.052062,-0.004507,-0.221433,0.019627,-0.124441,-0.075772,-0.046798,0.057425,-0.023596,-0.089455,-0.242453,0.192616,-0.052255,0.192542,0.047707,-0.017738,-0.105447,-0.085965,-0.161302,-0.10697,0.083604,0.059587,-0.030864,-0.010691,0.166323,0.037959,0.10162,0.118762,0.031331,-0.048802,0.079167,0.036826,-0.054128,-0.095028,-0.009003,-0.01892,0.057629,-0.052102,0.056155,0.046698,0.069624,-0.053516,-0.0299,0.081815,0.053653,-0.032848,0.00122,0.090163,-0.048859,0.055242,0.058304,0.045687,0.017662,-0.037619,0.108613,-0.186715,-0.012456,0.015009,-0.174443,-0.027841,0.147417,0.1508,0.121232,-0.02698,-0.003508,0.061775,-0.012257,0.112302,-0.144496,0.098537,-0.101677,-0.050317,0.034256,0.076337,0.037073,-0.068656,0.029033,-0.131561,0.075601,0.015063,-0.009508,-0.041955,-0.062498,0.038513,-0.211265,-0.085235,0.114179,0.081805,-0.037089,-0.145412,0.07576,0.064973,-0.049685,-0.060069,0.024674,-0.130582,0.012115,0.068481,0.134934,0.152451,0.098298,-0.025463,0.087993,-0.090692,-0.099257,-0.038579,-0.198369,-0.143395,0.110638,0.022779,-0.058241,0.06613,-0.0287,-0.024137,0.010439,0.055099,0.013484,0.020624,-0.006916,0.095399,-0.059457,-0.062944,-0.030086,-0.030768,-0.009489,8,./image\08
0.021822,-0.037124,-0.099308,-0.094203,0.090402,-0.107988,-0.090007,-0.033362,0.012286,-0.102841,0.014298,0.077292,-0.006413,-0.244463,0.118196,0.058912,0.010396,0.097372,0.069754,0.040085,-0.087335,0.034084,-0.154855,0.026242,-0.069457,-0.007637,-0.057017,0.140125,-0.090463,0.099148,0.156947,0.065375,0.077748,0.017487,0.010818,-0.093609,-0.074938,-0.09431,0.04139,0.077885,-0.068709,0.044078,0.068754,-0.034995,-0.083899,-0.07604,0.044191,0.033919,-0.081869,0.033348,0.080588,-0.037324,0.070241,0.066252,0.068232,-0.101778,-0.025312,0.053755,-0.15563,-0.123017,0.041953,-0.108896,-0.00993,0.198353,0.143328,0.010122,0.082047,-0.036596,0.066806,-0.077015,0.102789,-0.262744,0.017341,0.021672,-0.065243,0.06406,0.039302,0.108809,0.022592,-0.083968,0.033151,-0.041176,-0.029389,0.130254,0.052696,-0.148657,0.08483,-0.081425,-0.180356,0.096446,0.028459,-0.085591,-0.153739,-0.030149,-0.037716,-0.024444,-0.096828,-0.045705,-0.15483,-0.052172,-0.097714,0.076491,0.08939,-0.003526,-0.077006,0.040071,-0.089543,-0.048526,-0.080514,-0.115301,-0.06143,0.113576,-0.012535,0.00724,0.085358,0.039351,-0.068935,-0.030613,0.091516,0.026937,-0.072977,-0.056814,0.077004,0.093771,0.163999,-0.218588,-0.079169,0.036645,9,./image\09
0.078857,-0.060128,-0.147072,-0.087201,0.014181,-0.022601,-0.027046,-0.051025,-0.002551,-0.010434,0.001748,0.024016,-0.069608,-0.293516,0.09091,0.020435,0.109583,0.019807,0.096838,0.022962,-0.06991,-0.010382,-0.154016,0.056959,-0.052076,0.065022,0.080156,0.113208,-0.04194,0.063793,0.090747,0.152516,-0.039929,-0.081344,0.014307,-0.060018,-0.159367,-0.023641,0.108039,0.034005,-0.048774,0.00723,-0.016977,-0.05423,0.017052,-0.086461,0.087191,0.013723,-0.057483,0.072689,-0.014772,0.022559,0.120394,0.020904,0.081845,0.000565,-0.043293,0.010212,-0.025042,-0.107411,-0.016971,-0.132555,-0.00127,0.202087,0.188538,0.106138,0.128886,-0.005676,0.015913,-0.039196,-0.003847,-0.181334,0.129662,0.00807,-0.045652,0.051761,-0.084856,0.075496,-0.061845,-0.074198,-0.066753,0.005186,-0.065215,0.078958,0.145266,-0.165314,0.045458,-0.157189,-0.175179,0.123681,0.08322,-0.041096,-0.181866,-0.05584,-0.01182,-0.040215,-0.078317,0.007176,-0.161759,-0.059747,-0.088515,0.081478,0.12441,-0.01481,-0.069078,0.043024,-0.04903,0.1062,0.006018,-0.130154,-0.029885,0.114896,0.027244,0.043597,0.047805,0.087867,-0.097992,0.046825,0.096855,0.064895,0.073862,-0.028576,0.061659,0.064169,0.078276,-0.236708,-0.012165,-0.078681,9,./image\09
0.044348,0.014826,-0.141566,-0.000794,-0.052081,-0.055297,-0.059632,-0.033697,-0.059167,-0.00473,0.042412,0.088366,0.02402,-0.227688,0.124828,0.082433,0.079959,0.075296,0.114446,0.109796,-0.083682,-0.054712,-0.155905,-0.012614,-0.143396,-0.034671,0.038173,0.177366,-0.11612,0.113076,0.119189,0.146318,0.024807,-0.086149,-0.032604,-0.145479,0.007927,-0.095019,0.134319,0.077368,-0.096745,0.038756,0.055586,-0.125095,0.03429,-0.009627,0.0826,0.006056,-0.004788,0.1457,-0.000552,-0.047509,0.080107,0.126368,0.042721,-0.020408,-0.122842,0.077316,-0.051872,-0.032222,0.026619,-0.012946,0.03189,0.147092,0.139473,0.024508,0.100148,-0.014486,0.031947,-0.043722,0.066498,-0.16487,0.14106,0.138134,-0.01302,0.09877,0.020241,0.055501,0.030998,-0.038122,-0.02141,-0.040361,-0.049521,0.036236,0.149329,-0.13796,0.013114,-0.086356,-0.18337,0.064895,-0.015533,-0.001027,-0.12637,-0.002994,-0.070566,-0.033524,-0.125639,0.058082,-0.179294,-0.092819,-0.077492,0.120296,0.161102,-0.112134,-0.064116,-0.001858,-0.042933,0.096349,-0.071136,-0.073174,0.009622,0.110309,-0.083917,-0.037137,-0.024532,0.125243,-0.045028,0.02745,-0.04088,0.107027,-0.028078,-0.08048,0.134499,0.069084,0.053282,-0.152653,-0.071207,-0.012577,9,./image\09
0.057587,-0.058335,-0.10406,-0.002172,0.110423,-0.131005,-0.058484,-0.055321,-0.040413,-0.025429,0.041862,-0.007936,-0.058284,-0.258941,0.108422,0.054374,0.131593,0.126154,0.031774,-0.058855,-0.110448,-0.073316,-0.178032,-0.063397,-0.021833,0.028514,-0.082978,0.242477,-0.110747,0.073612,0.1825,0.101821,-0.057871,-0.026927,0.011638,-0.035137,-0.033238,0.022995,0.029137,0.125168,-0.027675,0.096591,0.104347,-0.085564,0.117686,0.015576,0.068219,0.113155,0.050579,0.036784,-0.016299,-0.061651,0.034697,0.118271,0.013163,-0.01054,-0.031369,0.009066,-0.046724,-0.008903,0.049942,-0.006487,-0.026782,0.238763,0.098821,0.026363,0.036175,-0.078472,0.153881,-0.118809,0.062534,-0.198618,-0.000125,0.061589,0.021923,0.064158,-0.014828,0.110884,0.031285,-0.009329,0.006757,-0.065434,-0.048424,-0.051509,0.016214,-0.122614,0.034547,-0.050603,-0.120403,0.168888,-0.018087,0.034853,-0.077228,0.012552,0.016747,-0.019927,-0.118865,-0.021738,-0.10042,0.079324,-0.023892,0.128351,0.04704,-0.165057,0.00069,0.0747,-0.107183,0.007692,-0.121239,-0.159642,-0.065408,0.139562,-0.151092,-0.031968,0.035813,0.141682,-0.089355,0.010486,-0.042945,0.062505,-0.038998,-0.078859,0.08833,0.045267,0.027125,-0.152423,-0.040553,-0.077121,9,./image\09
0.209469,0.006891,-0.1539,-0.044905,-0.00325,-0.043265,-0.033422,-0.033363,0.018378,-0.029935,-0.012446,-0.102087,-0.035531,-0.169405,0.024222,0.070374,0.072794,-0.10906,0.034436,-0.045182,-0.138237,0.135131,-0.13519,0.153535,-0.061396,0.138792,0.047322,0.101134,0.016207,-0.00152,0.040872,0.118928,-0.114958,0.014705,0.117322,-0.001592,-0.135648,0.064173,0.212149,0.140615,-0.101568,0.037891,0.014581,-0.115963,-0.006978,-0.038589,0.117516,0.044593,0.014761,0.026416,0.020211,0.055767,0.070234,-0.00232,0.057017,0.075275,0.015807,0.003091,0.009749,-0.010908,-0.077353,-0.128064,0.013366,0.145766,0.129578,0.088201,0.115929,0.012658,0.014833,-0.046646,0.011264,-0.122583,0.06792,-0.041693,-0.044614,0.051292,-0.15964,0.086805,-0.089129,-0.16412,0.031483,-0.085436,0.03352,0.129866,0.047302,-0.184526,0.008941,-0.144095,-0.069773,-0.042624,0.141219,-0.053407,-0.117252,-0.115089,0.051488,0.062887,-0.10478,-0.073062,-0.080237,-0.036656,-0.08555,0.094795,-0.02826,-0.015229,-0.056344,0.023163,-0.05405,0.096576,-0.046014,-0.172658,0.083894,0.03324,0.007862,0.080989,0.052147,0.077298,-0.086908,0.057077,0.057366,0.041492,0.038921,-0.059996,0.05613,-0.040129,0.048118,-0.173171,0.010317,-0.236525,10,./image\10
0.175658,-0.060311,-0.181669,0.004954,0.030063,-0.044946,0.01738,-0.09942,-0.016383,0.016524,0.016222,-0.061367,0.008747,-0.177996,0.031014,0.099844,0.154111,-0.11698,0.026383,0.037839,-0.144555,0.118603,-0.208832,0.007896,-0.002206,0.110669,0.039766,0.048122,-0.002555,0.071047,0.182826,0.073915,-0.077204,-0.03377,0.035228,-0.026594,-0.074458,0.09083,0.116674,0.110216,-0.036446,0.098601,0.03887,-0.080391,-0.04605,-0.131346,0.070502,0.080238,0.018828,0.090753,0.047952,-0.00332,0.03198,-0.029337,0.04453,-0.057304,0.042928,0.010272,0.060428,-0.111877,-0.070974,-0.157909,-0.00278,0.17365,0.091915,0.066969,0.065846,-0.063922,-0.012278,-0.068578,0.026143,-0.234384,0.093152,-0.033128,-0.007153,0.106412,-0.055089,0.122312,-0.049889,-0.115447,-0.062993,0.004356,-0.04236,0.111534,0.067897,-0.139658,0.028209,-0.121517,-0.141806,0.144149,0.073474,-0.044398,-0.065502,-0.077019,0.01001,0.02469,-0.038126,0.028552,-0.118129,-0.046301,-0.063318,0.038588,0.027246,-0.049501,-0.018788,0.052878,-0.016872,0.162404,-0.057942,-0.17679,0.074361,0.099091,0.073627,0.044331,0.085005,0.014042,-0.081624,-0.004841,0.051454,0.032455,0.137597,-0.141693,-0.044249,0.024526,0.044444,-0.192838,-0.091148,-0.155457,10,./image\10
0.100092,-0.034539,-0.096215,-0.00287,0.015966,-0.142487,-0.086345,-0.101761,-0.031696,-0.041885,-0.004833,-0.044924,-0.062447,-0.18922,0.044811,0.024167,0.146158,-0.03123,-0.019183,-0.088504,-0.092463,-0.000141,-0.20084,0.047448,0.072712,0.095927,0.09495,0.218267,0.041722,0.103471,0.095471,0.168456,-0.125025,-0.029465,0.046896,-0.046274,-0.132244,0.072837,0.168996,0.169157,-0.032702,0.063578,0.002877,-0.024266,0.057312,0.011759,0.125886,-0.035629,0.024484,-0.001638,-0.044996,-0.010274,0.102659,0.029375,0.068331,0.025038,0.060576,0.005482,0.012679,-0.06968,-0.015674,-0.163517,0.020523,0.062912,0.031012,0.132287,0.059541,-0.075237,0.029872,-0.107292,-0.010399,-0.108599,0.054769,-0.010755,-0.079745,0.048746,-0.021052,0.159826,0.015647,-0.049281,-0.016905,-0.092943,0.044626,0.122014,0.039865,-0.040302,0.067208,-0.16438,-0.12297,0.117797,0.137919,-0.019443,-0.14288,-0.086307,0.051227,0.043859,-0.050951,-0.081419,-0.097605,-0.064792,-0.138512,0.161389,0.093017,-0.073767,0.029827,0.058443,-0.132954,0.155176,-0.074895,-0.119184,0.061241,0.005241,-0.025318,0.022875,0.059782,0.124069,-0.095952,0.077847,0.044092,-0.047645,0.05305,-0.023281,0.033682,-0.037649,0.014918,-0.144822,-0.066214,-0.218761,10,./image\10
0.007169,0.080439,-0.103732,-0.043952,-0.178453,-0.007367,0.083103,0.015642,-0.026146,0.039552,-0.044938,0.021075,-0.055215,-0.093261,0.046119,0.023215,0.020143,-0.071712,0.000436,-0.062077,0.07235,-0.167138,-0.139817,-0.061012,-0.042853,-0.061317,0.040294,0.061382,-0.156779,0.047584,-0.026289,0.165423,0.114123,0.028204,0.100541,-0.169913,-0.140935,-0.150193,0.174064,0.045717,-0.037707,-0.02352,-0.242896,-0.051781,0.020739,-0.040244,-0.018302,0.090831,0.041385,-0.115499,-0.028814,0.043655,0.03156,-0.067804,0.213343,0.040826,0.059051,-0.017366,0.044495,-0.05179,-0.037162,-0.030288,-0.075017,-0.025799,0.226423,-0.041721,0.053784,0.039587,0.000029,-0.038735,-0.003153,-0.015897,0.069144,-0.012848,-0.03111,0.00682,-0.000379,0.025969,0.055367,-0.064044,0.088475,-0.081549,-0.062702,-0.151298,0.156643,-0.152256,-0.177684,-0.131107,-0.168237,0.138218,0.017225,0.02761,-0.152688,0.00971,-0.067893,0.018766,0.045705,0.161009,-0.124089,0.036675,-0.061966,-0.041713,-0.090721,0.057058,-0.09795,0.034002,0.018393,0.020357,-0.112967,0.084868,-0.120093,0.111953,-0.043119,-0.163088,-0.051712,0.076734,0.044097,-0.061415,0.116828,0.081247,0.128833,-0.011831,0.004245,0.019827,0.055736,-0.07411,-0.068277,0.009462,11,./image\11
0.027963,0.011952,-0.127477,-0.004101,-0.145115,0.065652,0.023075,-0.107507,-0.024712,0.048163,-0.126427,0.067379,0.030092,-0.184269,0.106012,0.12022,0.069351,-0.09815,0.073445,0.017823,0.023075,-0.018512,-0.203268,-0.035828,-0.027946,0.025319,0.055725,0.098324,-0.084389,0.035613,0.046934,0.091852,0.029584,-0.058776,0.088755,-0.035587,-0.194447,-0.098821,0.182106,-0.004393,-0.034809,0.072881,-0.187731,-0.113044,0.058238,-0.023657,0.040425,0.076098,-0.040194,0.036684,-0.027503,0.067642,0.076439,-0.061781,0.164847,0.011034,-0.033127,-0.02851,0.13697,-0.049199,0.029773,-0.094691,-0.057097,0.039807,0.201729,-0.027298,0.141077,-0.062346,-0.03807,-0.034454,0.0412,-0.131993,0.110605,-0.047616,0.047984,0.06535,-0.030618,0.12003,0.042931,-0.041336,-0.010562,-0.063413,-0.07588,0.014716,0.18302,-0.179901,-0.026004,-0.145029,-0.162491,0.071593,0.044874,0.039835,-0.129483,-0.019554,-0.050496,0.032489,-0.041788,0.089928,-0.133799,0.051728,-0.029373,0.08655,-0.042629,-0.029801,-0.095842,0.00483,-0.035147,0.161369,-0.039471,-0.008452,-0.0652,0.133573,-0.007088,-0.059508,0.002802,0.117449,-0.019811,0.049757,-0.014463,0.074104,0.207197,-0.098661,0.059815,0.027366,0.127044,-0.178809,0.002669,-0.089611,11,./image\11
0.14408,-0.066487,-0.189291,-0.086014,-0.047401,-0.023698,-0.036255,0.06118,0.012332,0.150171,-0.111558,0.018091,-0.186303,-0.114786,0.019433,-0.155691,0.054032,0.008975,0.115892,-0.153438,-0.055225,-0.083519,-0.047872,0.072894,0.049401,-0.002291,0.034201,0.054102,-0.111492,0.022177,0.045936,0.158265,-0.010611,-0.111635,-0.064263,-0.073975,-0.075764,0.03373,-0.003062,-0.104324,0.021072,0.054924,-0.047566,-0.014889,0.014821,-0.031591,0.096288,0.012449,-0.059162,0.104855,-0.101188,0.00007,0.12511,-0.102467,0.072162,0.108755,-0.010413,0.013983,0.011828,-0.143991,-0.075972,-0.082706,-0.012513,0.127705,0.185698,0.06029,0.003368,0.11189,0.016144,0.00575,-0.027606,0.059366,0.060365,-0.034954,-0.191866,-0.087882,-0.107019,-0.102705,-0.093211,-0.076565,-0.064482,-0.077911,0.03749,0.044913,0.098959,-0.196632,0.001477,-0.085579,-0.012799,0.122227,0.037449,-0.127009,-0.197143,0.11213,0.031018,-0.14977,0.032086,0.097986,-0.068621,-0.01286,0.03044,0.068133,0.114748,-0.1135,-0.094973,0.037161,-0.028896,0.033177,0.04284,-0.014885,-0.08562,0.131116,-0.009508,0.135025,0.011807,0.017697,-0.024301,-0.033678,0.124492,0.071213,0.092925,0.081881,-0.056731,0.144093,0.003438,-0.217198,0.040657,-0.058772,12,./image\12
0.166236,0.017031,-0.252756,0.029701,0.078135,0.029591,-0.007282,-0.033941,0.022487,0.058262,-0.118549,0.103809,-0.178828,-0.133483,0.007186,-0.065788,0.111868,0.091858,0.178615,-0.10116,-0.098689,-0.091864,-0.111377,-0.068332,-0.012285,-0.026307,-0.007745,-0.013991,-0.118446,0.143811,0.186228,0.130505,-0.012949,-0.089652,-0.140576,-0.172335,-0.02473,0.058611,0.042798,-0.045614,-0.009544,0.027757,-0.060897,0.036562,0.095832,0.089074,0.04328,0.074646,-0.042108,0.167194,-0.176454,-0.012978,0.093758,0.105366,0.136623,0.027595,-0.085526,-0.05922,0.04503,-0.052823,-0.059995,-0.034543,0.053661,0.076832,0.137182,0.067452,-0.065059,-0.000767,-0.037404,-0.04025,0.003444,-0.00348,0.0177,0.099735,-0.169541,-0.015343,-0.091315,-0.056318,0.053001,-0.018296,-0.040296,-0.079221,-0.030279,0.021458,0.109811,-0.178896,-0.072554,-0.087994,-0.047704,0.096278,-0.012185,-0.05141,-0.172892,-0.034766,-0.001662,-0.136532,0.029876,0.112014,-0.16647,-0.072384,-0.01357,0.023442,0.056477,-0.072013,-0.055235,0.068145,-0.056967,0.029076,-0.03693,-0.075192,-0.102121,0.11626,-0.073729,-0.011622,-0.053106,0.005577,-0.155615,-0.035955,0.069269,0.051042,0.042553,0.053558,0.040065,0.123804,-0.024098,-0.157619,-0.005631,-0.055442,12,./image\12
0.168253,-0.000331,-0.152248,-0.065896,0.089374,-0.033981,-0.057939,0.077359,0.054478,-0.014036,-0.023217,0.09177,-0.056739,-0.170902,0.081178,-0.079228,0.112787,0.097366,0.099288,-0.058478,-0.084741,-0.072364,-0.13774,-0.050843,-0.005376,0.03825,0.014324,0.176614,-0.221665,-0.023454,0.049363,0.218546,-0.005329,-0.099724,-0.037059,-0.057059,-0.102801,-0.110533,-0.005573,0.021313,-0.035956,-0.015439,-0.019131,-0.060237,0.090585,0.00083,0.069514,0.060996,0.02057,0.067488,-0.019977,0.008789,0.042853,-0.011743,0.180518,0.007864,-0.056637,-0.038978,0.031162,-0.126045,-0.041111,-0.063743,0.129379,0.119231,0.189329,-0.006584,-0.006183,-0.049209,0.057034,-0.070319,-0.011932,-0.114366,0.039955,0.07428,-0.147856,-0.073261,-0.096453,-0.047156,0.026153,-0.063516,0.047842,-0.09504,-0.024959,0.04998,0.131855,-0.200135,-0.032497,-0.112826,0.012341,0.146291,-0.033391,-0.026235,-0.17881,-0.010725,-0.04507,-0.043044,0.021548,0.022018,-0.149687,0.036349,-0.023496,0.048428,0.073929,-0.129033,-0.106077,0.099909,-0.071251,0.058851,-0.01649,-0.026434,-0.102006,0.179451,-0.065001,0.013866,0.121349,0.069481,-0.079183,-0.027626,0.173393,-0.034032,-0.034474,0.018958,0.032912,0.158108,0.059014,-0.167671,-0.009219,-0.08705,12,./image\12
0.12034,0.021368,-0.237525,-0.028111,-0.053469,0.164919,-0.036265,0.003121,0.00028,0.097068,-0.162945,0.124093,-0.022833,-0.14668,0.058689,-0.084116,0.056685,-0.003227,0.151778,0.00449,-0.040787,0.05998,-0.207022,0.030424,-0.023441,0.042056,0.033243,0.064716,-0.0663,-0.019648,0.15044,0.125886,0.052874,-0.175487,-0.046428,-0.067523,-0.076214,-0.105144,0.137189,-0.057055,-0.055561,0.060472,-0.075506,-0.131702,0.097708,0.041496,0.003767,0.102651,-0.039267,0.113152,-0.066198,0.035032,0.08803,0.02961,0.078929,0.105868,-0.099048,-0.090624,0.099439,-0.136031,-0.062152,-0.069472,0.038186,0.107341,0.196257,0.023135,0.098036,-0.044178,-0.071714,-0.058691,0.027146,0.009005,0.119148,0.026226,-0.068501,-0.085281,-0.038809,-0.000265,-0.025589,0.101298,-0.109377,-0.049048,-0.039137,0.070883,0.167225,-0.163715,-0.03712,-0.066278,0.005813,0.052907,0.016495,-0.014579,-0.216858,0.030543,0.006741,-0.082264,0.026417,0.035737,-0.079814,-0.035569,0.027795,0.067512,0.118136,-0.027406,-0.180573,0.058475,-0.017799,0.073943,0.134353,-0.02592,-0.047258,0.062091,-0.070929,0.088956,0.076298,0.088478,-0.034872,0.098453,0.070188,0.03198,0.06684,0.047852,0.100579,0.105739,0.011336,-0.145525,0.070034,-0.09248,12,./image\12
0.070943,-0.059742,0.031275,-0.047557,-0.001093,-0.049483,-0.010967,-0.028308,-0.031538,-0.00872,0.005585,-0.049169,0.021399,-0.166699,0.090042,-0.030407,0.144004,0.005011,-0.053762,0.077667,-0.082526,0.105786,-0.144079,0.068039,0.057598,0.119623,0.081603,0.077931,-0.024179,-0.057288,0.142198,0.085174,-0.027485,0.015277,0.083614,-0.081134,-0.07267,-0.024517,0.094411,0.039586,-0.008536,0.02687,-0.0168,-0.038392,0.00473,-0.067042,0.092321,-0.038454,0.034354,-0.043403,-0.054096,-0.030583,0.02171,-0.076919,0.099799,-0.029689,0.176314,0.038575,-0.01053,-0.188244,0.087562,-0.061964,-0.009453,0.280667,0.071506,0.076697,0.080895,-0.102763,0.051097,-0.032146,-0.062564,-0.164776,0.112723,-0.009801,-0.043477,-0.046976,-0.106496,0.00262,0.041397,-0.017856,0.018341,-0.100852,-0.015346,0.148565,0.132816,-0.107745,0.135714,-0.099224,-0.2125,0.107251,-0.010725,0.009074,-0.197417,-0.090088,0.105694,-0.088509,0.045906,0.014198,-0.036189,-0.111735,-0.101116,0.100703,-0.075048,0.094058,0.110804,0.157364,-0.053131,0.00087,-0.050444,-0.181912,-0.024359,0.048224,0.099871,0.06076,-0.001895,0.112873,-0.108866,-0.001057,0.189937,0.03159,0.056441,-0.035476,-0.07875,0.044994,0.065712,-0.213641,-0.019407,-0.067025,13,./image\13
-0.024347,-0.146515,-0.084348,-0.069535,0.0109,-0.080275,-0.077535,-0.068299,0.032887,-0.118229,0.007376,0.013076,-0.047906,-0.180366,0.061063,0.087248,0.037696,0.053877,0.057446,-0.034626,-0.044084,-0.027549,-0.212139,0.030009,0.057829,0.121691,0.06023,0.131879,-0.033267,0.029835,0.068889,0.157591,-0.08481,-0.060051,0.041384,-0.008311,-0.122638,0.090269,0.205557,0.14211,0.039691,0.084404,0.059196,-0.090821,-0.021792,0.011633,0.053907,-0.004978,-0.02001,0.037144,-0.053354,0.063037,0.161666,0.039582,0.112745,-0.01286,-0.017901,0.021697,0.060791,-0.013911,0.091814,-0.095087,-0.075367,0.146377,0.153854,0.129237,0.147698,0.009477,0.015911,-0.01223,-0.012007,-0.080086,0.018419,-0.042123,-0.108977,0.020453,-0.025588,0.142531,-0.09269,-0.033925,-0.077377,-0.123297,0.015557,0.150475,0.060593,-0.126314,0.066281,-0.110691,-0.21033,0.045587,0.18475,-0.097146,-0.150457,-0.115164,-0.04883,0.016419,-0.027618,-0.018023,-0.08769,-0.029129,-0.105367,0.07417,0.106301,-0.032772,-0.041645,0.074589,-0.081787,0.07188,-0.050699,-0.047006,0.089236,0.002051,0.073602,-0.013192,0.069142,0.059669,-0.085074,0.164786,0.073034,-0.029454,0.06977,-0.004317,0.114408,0.015681,0.08236,-0.238206,-0.027159,-0.088381,13,./image\13
-0.0556,0.033686,-0.089898,0.045578,0.063156,-0.08536,-0.020708,-0.116116,-0.012976,-0.131479,0.146308,0.055251,0.050475,-0.174627,0.054031,0.161921,0.082231,0.011047,-0.080974,0.017812,-0.090171,0.013036,-0.191356,-0.058914,-0.004773,0.010892,0.036766,0.137899,-0.005801,0.087075,0.072302,0.068957,-0.063262,0.000267,0.040846,-0.102631,0.051498,0.052453,0.207044,0.107319,0.109757,0.109433,0.045183,0.033432,-0.085372,-0.043309,0.007076,-0.0835,0.006034,0.074602,-0.044072,0.067124,0.115416,0.087502,0.097057,0.002079,0.096316,0.031978,-0.077451,-0.124002,0.063973,-0.071278,0.012827,0.160712,0.02765,0.142352,0.062656,-0.085343,-0.054482,-0.119347,0.033324,-0.037693,-0.003432,0.057951,-0.056771,0.083339,-0.010415,0.202187,0.031824,-0.029201,-0.033343,-0.029529,-0.019119,0.123623,0.070261,-0.070951,0.033776,-0.0446,-0.261964,0.025934,0.045315,-0.066999,-0.02632,-0.0531,0.00941,0.001278,0.004173,-0.054897,-0.18221,-0.188621,-0.144251,0.088065,-0.048215,-0.001571,0.051444,0.10648,-0.055715,-0.033601,-0.104221,0.023262,0.066956,0.131327,0.175109,-0.055105,-0.07367,0.086439,-0.133023,-0.009626,-0.001037,-0.009581,-0.04965,-0.067869,0.250879,-0.071362,0.044267,-0.099086,-0.025196,-0.053223,13,./image\13
0.174479,-0.129924,0.021197,-0.210714,0.034664,-0.064137,0.002865,0.093053,0.050175,-0.041259,0.036184,-0.078276,0.034127,-0.112686,-0.005662,0.056111,0.163612,-0.068851,0.117727,-0.015612,0.015014,-0.017419,-0.15203,0.101376,0.056681,0.081863,0.093806,0.044763,-0.074314,-0.054106,-0.079621,0.186826,0.088235,-0.099351,-0.052451,0.079521,-0.077584,-0.039483,-0.023552,0.047044,0.069658,-0.038031,0.00427,-0.089558,-0.009838,-0.058379,0.053514,0.053105,0.007634,0.006466,0.0158,-0.000833,0.005745,-0.098178,0.095822,-0.068959,-0.078697,-0.129284,0.127212,0.071195,-0.052459,-0.095775,0.071432,0.072542,0.107151,-0.009996,0.062889,0.023657,0.13724,0.00322,-0.118827,-0.107155,0.019453,-0.075323,-0.065093,-0.056496,-0.097624,-0.078446,0.046253,-0.139424,-0.00969,-0.075057,-0.094651,-0.044604,0.20024,-0.096778,0.01288,-0.120166,0.052021,0.197161,0.068895,0.141771,0.010689,-0.046315,-0.064551,0.022214,0.04553,0.024071,-0.191299,0.100509,0.119298,-0.022767,0.134406,-0.144255,-0.130394,0.05614,-0.084527,0.047574,-0.127857,0.022074,-0.056693,0.084776,0.05202,-0.046331,0.078197,-0.140615,-0.057622,0.036171,0.213416,-0.001953,0.023808,0.004642,-0.053984,0.156502,0.12087,-0.118735,0.03767,0.001805,14,./image\14
0.113113,-0.141717,0.057843,-0.222799,0.042333,-0.141501,-0.008462,0.093722,-0.04124,0.003678,0.097711,-0.05298,-0.060132,-0.13235,0.03692,-0.022205,0.162528,0.010349,0.030056,-0.06833,0.018824,-0.12083,-0.141647,0.001961,0.057514,0.076372,0.129666,0.15046,-0.095682,-0.069924,-0.022004,0.307492,0.046603,-0.124092,-0.046467,-0.048966,-0.043544,-0.07039,-0.021306,-0.007955,0.00822,-0.073396,0.031217,-0.077634,0.033825,0.002612,0.015492,0.011521,0.00399,0.015679,-0.0462,-0.06055,0.057495,-0.025273,0.099484,-0.027761,-0.011331,-0.049168,0.01772,-0.047399,-0.055468,-0.00406,0.040613,0.247229,0.083489,0.021467,0.049824,-0.087004,0.215574,-0.02426,-0.129327,-0.08524,0.012217,0.040249,-0.10914,-0.086151,-0.092975,-0.121078,0.07938,-0.082944,0.021986,-0.066206,-0.084691,-0.090679,0.22569,-0.154564,0.017075,-0.111626,-0.017833,0.223892,-0.04464,0.076952,-0.089685,0.003146,0.04279,-0.018635,0.067218,0.053044,-0.112071,-0.034768,0.022197,-0.028395,0.153842,-0.102504,-0.027738,0.145635,-0.030985,0.029197,-0.076318,-0.018707,-0.049791,0.083257,-0.013594,-0.005342,0.038913,0.028585,-0.0085,0.045366,0.135935,-0.016972,0.011574,0.04249,-0.020407,0.175755,0.031168,-0.098533,-0.020058,-0.01498,14,./image\14
0.185622,-0.135023,0.014937,-0.196804,0.118032,0.010136,-0.00144,0.058188,-0.010729,-0.020927,0.042511,-0.117848,-0.054325,-0.132292,-0.017051,0.05371,0.130071,0.057283,0.117702,-0.076741,0.084675,-0.002227,-0.018536,0.067423,0.16533,0.144101,0.016764,0.033408,-0.028062,-0.130342,-0.048521,0.19366,0.025638,-0.069778,-0.00615,0.007267,0.070772,0.026143,-0.049586,0.046488,0.0347,-0.070061,0.076177,-0.05272,-0.071672,0.040558,0.052661,0.016449,0.027872,0.019594,-0.08517,-0.025117,-0.002367,0.001991,0.166869,-0.015268,-0.094277,-0.102238,0.095469,0.047019,-0.069398,-0.087399,0.092228,0.097748,-0.004193,0.068969,-0.011635,0.120079,0.205132,-0.025754,-0.142596,-0.067691,-0.065228,-0.069558,-0.070115,-0.024082,-0.155337,-0.076647,0.004813,-0.059969,-0.034686,-0.106455,-0.10216,-0.008839,0.197312,-0.03819,-0.036542,-0.050749,0.092079,0.174324,0.113808,0.024279,0.039258,-0.119815,-0.007821,0.029158,0.045811,-0.031259,-0.102032,0.018971,0.074501,-0.023111,0.109545,-0.148983,-0.13078,0.008295,-0.068467,-0.030591,-0.089744,-0.029658,-0.08972,0.067512,0.067629,-0.091108,0.088191,-0.140723,-0.105532,0.076473,0.249725,-0.011983,-0.001631,0.027604,0.03423,0.157236,0.066321,-0.118256,0.097538,0.091776,14,./image\14
0.226616,-0.04818,-0.041061,-0.236525,-0.043112,-0.05536,-0.025379,0.058666,0.019586,0.015398,-0.028059,-0.060681,-0.042015,-0.157745,0.01489,0.076112,0.18068,-0.025706,0.167174,-0.109812,0.017257,-0.045655,-0.111442,0.09953,0.081387,0.089758,0.042623,0.052271,-0.039955,0.020274,-0.130917,0.20622,0.039249,-0.026226,0.029776,-0.020424,-0.009581,0.002327,-0.056521,-0.001532,0.025425,-0.027679,-0.0645,-0.008267,-0.062593,-0.04278,0.085325,0.03928,0.01134,0.003246,0.043858,-0.081848,-0.009124,-0.069086,0.123099,-0.038455,-0.026236,-0.095185,0.072753,0.019285,-0.088634,-0.111173,0.047836,0.117725,0.127311,0.0863,0.038575,0.017233,0.204503,0.022308,-0.003562,-0.107491,0.003878,-0.014775,-0.02617,-0.02194,-0.092227,-0.02892,0.033247,-0.142829,-0.04567,-0.058547,-0.062917,-0.03454,0.21689,-0.116064,0.011445,-0.197856,-0.020224,0.223954,0.07343,0.01319,-0.043392,-0.081843,-0.055866,0.044389,0.094525,0.047645,-0.204933,0.045694,-0.00568,0.002814,0.115236,-0.062415,-0.178585,0.068842,-0.118278,0.072419,-0.088738,0.054036,-0.111777,0.063373,-0.014778,-0.032723,0.031458,-0.112486,-0.028796,-0.067333,0.167092,-0.063703,0.135283,-0.003059,-0.060011,0.096892,0.050852,-0.124795,-0.015877,-0.066709,14,./image\14
0.171364,-0.078153,-0.040895,-0.18307,0.08406,-0.076245,-0.011546,0.062083,0.03945,-0.028788,-0.024425,-0.070461,-0.04781,-0.158435,0.016604,0.023565,0.170505,0.009076,0.059322,-0.095995,-0.005972,-0.029266,-0.151426,0.007377,0.059535,0.065922,0.104609,0.123076,-0.124215,0.028313,-0.002138,0.229634,0.023297,-0.031346,-0.005141,-0.064762,-0.011411,-0.050029,0.0413,0.081618,0.018557,-0.061519,-0.016552,-0.050955,0.037729,-0.032373,0.07178,-0.007949,0.074247,-0.007161,-0.119799,-0.029699,0.036243,-0.060988,0.117997,-0.028664,0.022936,-0.068755,0.077692,-0.038203,-0.101754,-0.061096,0.03341,0.194648,0.107663,0.060824,0.054186,-0.025195,0.16571,-0.102181,-0.072822,-0.094742,0.04101,-0.006988,-0.105399,-0.039578,-0.118108,-0.071689,0.074297,-0.125056,0.000679,-0.078053,-0.015441,-0.00334,0.202135,-0.138613,-0.00546,-0.114916,-0.061533,0.289726,0.018178,0.062938,-0.154796,-0.102739,-0.028878,0.013379,0.001584,0.000055,-0.144895,0.04757,0.003693,0.026127,0.045005,-0.12315,-0.096774,0.127042,-0.109598,0.025158,-0.123159,-0.068254,-0.061812,0.085582,-0.004106,-0.023588,0.102269,-0.010797,-0.056464,0.017307,0.223342,-0.004517,0.097101,0.002837,-0.043621,0.119664,0.013278,-0.170517,0.032538,-0.077947,14,./image\14
0.05549,0.025685,-0.160708,-0.052971,0.002318,0.064344,0.013225,-0.094019,-0.036945,0.130747,0.059395,0.025756,-0.116037,-0.147489,0.043528,0.090041,0.019706,-0.101687,0.023481,-0.052181,-0.033996,0.098278,-0.061356,0.119411,0.011377,0.090976,-0.001665,-0.030542,0.138764,0.033828,0.125532,-0.059591,0.010886,0.014254,0.16637,0.10002,-0.238809,0.016527,0.057294,0.012322,-0.048375,0.110763,0.010101,0.019782,-0.134933,-0.152396,-0.003618,-0.013286,-0.087545,-0.020115,0.042491,-0.000629,0.122709,-0.046078,0.000394,0.038488,0.076701,-0.001656,-0.027718,-0.248064,-0.098468,-0.103147,-0.063202,0.102009,0.132795,0.076043,0.076186,0.081009,-0.014994,0.050496,0.071913,-0.09444,0.100304,-0.059052,-0.000338,0.107056,0.049421,0.129406,-0.102756,-0.040589,-0.021148,0.038123,-0.10849,0.045904,0.098686,-0.136959,-0.000776,-0.012125,-0.09208,0.128861,0.13188,-0.011353,-0.041218,0.05107,-0.016477,-0.008229,-0.057778,0.020709,-0.073043,-0.069886,-0.115582,-0.033286,0.015331,0.059562,0.045396,-0.013234,0.05318,0.093348,0.064817,-0.08324,0.069024,0.160995,0.079969,0.14293,0.102319,0.037994,0.018277,-0.024101,0.200336,0.066773,0.124764,-0.089409,0.013628,0.021613,0.209187,-0.249121,0.041219,-0.056981,15,./image\15
0.081243,0.076803,-0.003977,0.023676,-0.031109,0.041751,0.070738,-0.206539,-0.009409,0.10055,-0.067732,-0.066861,-0.17449,-0.054677,0.011841,0.019785,0.098128,-0.11868,-0.014386,-0.074994,-0.004566,0.066594,-0.045248,0.139758,0.128423,0.091838,-0.057803,-0.015271,0.156956,0.061394,0.173441,-0.128863,-0.022032,0.057329,0.206893,0.02315,-0.116676,0.017538,0.113368,0.050402,-0.122669,0.083812,-0.132753,0.035421,-0.093554,0.012801,-0.07842,0.066349,-0.106742,-0.08547,0.133603,-0.030868,0.024885,-0.069507,-0.016821,0.154027,0.200828,-0.096599,-0.066852,-0.128706,-0.011251,-0.046656,-0.045128,0.043005,0.024992,0.110861,0.043737,0.058924,0.042815,0.045596,0.087198,-0.089472,0.138667,-0.170644,0.017449,0.104342,0.077679,0.086813,-0.078146,-0.003672,-0.022436,0.010374,-0.029023,0.072184,0.013812,-0.090543,0.091639,-0.092694,-0.031409,0.137295,0.12536,0.024251,-0.027131,0.02739,0.018402,0.022346,0.108347,0.004343,-0.053818,-0.015123,-0.069913,0.110106,-0.059399,0.047595,0.108221,-0.060361,-0.061247,0.024305,0.084418,-0.165915,-0.068371,0.049806,0.059886,-0.012117,0.065842,0.074686,-0.008067,0.125074,0.152171,-0.007005,0.137575,-0.076593,0.021156,-0.039211,0.194743,-0.179632,-0.031659,-0.078589,15,./image\15
0.035987,-0.016936,0.01111,0.026703,0.063134,0.022338,-0.000844,-0.166022,0.05217,0.129254,-0.060776,-0.070631,-0.214209,-0.071138,-0.061714,0.006456,0.121414,-0.028731,0.013022,-0.137086,0.001168,-0.023317,-0.016512,0.129457,0.09087,0.10095,-0.057065,0.023038,0.11055,-0.020896,0.147384,-0.046033,-0.05345,0.038974,0.180505,0.030782,-0.099956,0.064756,0.074617,-0.010789,-0.069282,0.042288,-0.099383,0.051459,-0.116539,-0.019727,-0.064975,0.019984,-0.116628,-0.086184,0.120223,-0.02937,-0.01164,-0.078857,0.035413,0.193012,0.181234,-0.123068,-0.054903,-0.171019,-0.015709,-0.044675,-0.019749,0.101455,-0.030447,0.164466,0.029638,0.068168,0.119521,0.029511,0.034458,-0.134828,0.097181,-0.078183,0.032654,0.131849,0.001014,0.0508,-0.107865,-0.071077,0.008008,-0.028856,-0.051657,0.090394,0.002942,-0.114912,0.123789,-0.066266,-0.060708,0.217519,0.047881,-0.051023,-0.045406,0.034331,0.004715,-0.004276,0.078234,-0.021471,-0.025636,-0.003877,-0.15714,0.154903,-0.083894,-0.065691,0.160929,-0.051351,-0.06767,0.032631,0.059002,-0.182679,-0.012866,0.119841,0.017307,-0.007793,0.034759,0.147993,-0.00649,0.055676,0.043144,-0.025034,0.076799,-0.091109,0.025587,0.022026,0.177079,-0.19593,0.006024,-0.098504,15,./image\15
0.133415,0.040515,0.007242,-0.012385,-0.007006,-0.086516,0.080439,-0.175108,-0.039077,-0.045154,-0.0043,-0.177419,-0.080427,-0.074711,-0.008067,-0.068421,0.088457,-0.044653,-0.058486,-0.102855,-0.130208,0.08424,-0.051887,0.042427,0.161045,0.063203,-0.007959,0.030423,0.016882,-0.010245,0.121398,-0.009862,-0.077508,0.03828,0.128554,-0.020465,0.023755,0.029626,0.103706,-0.007552,0.014299,0.048247,-0.043729,0.093619,0.020892,-0.044131,0.012235,-0.005874,-0.071835,-0.062774,0.012703,0.066497,-0.005046,-0.077513,-0.027211,0.135684,0.208008,0.010136,-0.109712,-0.175867,0.098018,-0.034992,-0.009339,0.16565,-0.049993,0.139441,0.017704,-0.065715,0.018301,-0.069638,0.005862,-0.134726,0.060583,-0.239298,-0.075784,0.017463,-0.117714,0.0131,0.012489,-0.129659,0.151764,0.05083,0.029694,0.179417,0.025641,-0.139513,0.088662,-0.064301,-0.045461,0.043572,-0.008414,-0.064801,-0.072401,-0.005514,0.059843,0.015198,0.063883,-0.140566,-0.050049,-0.022317,-0.052995,0.201627,-0.078071,-0.0491,0.090863,0.078463,-0.063427,0.025149,0.00375,-0.193294,-0.150803,0.109236,0.160145,-0.004239,-0.03528,0.09519,-0.121281,-0.000758,0.04204,0.019014,0.030174,-0.018127,0.093224,0.008102,0.174792,-0.169854,0.039634,-0.139842,15,./image\15
0.049775,0.054259,-0.015977,0.024648,0.007868,0.076822,0.036693,-0.227851,0.014906,0.135895,-0.047733,-0.051026,-0.163356,-0.152748,-0.028329,0.032949,0.107929,-0.13389,0.005912,-0.106404,0.070612,0.021374,-0.071835,0.132088,0.081234,0.080012,-0.047279,-0.001862,0.136085,0.046666,0.139011,-0.097017,-0.07347,0.048981,0.230965,-0.035204,-0.114428,0.020747,0.107412,0.00455,-0.116752,0.034373,-0.111226,0.07323,-0.171498,-0.007265,-0.026423,0.052698,-0.14082,-0.076962,0.082906,-0.014565,0.04557,-0.03943,0.036317,0.129244,0.186545,-0.115226,-0.068832,-0.160543,-0.061718,-0.102951,-0.015731,0.032248,-0.02395,0.154856,0.037853,0.011579,0.030349,0.030853,0.118266,-0.159902,0.099244,-0.106218,0.017983,0.165318,0.087344,0.146188,-0.07185,-0.019444,-0.006888,-0.041339,-0.056171,0.071341,0.051738,-0.099767,0.077075,-0.124139,-0.044753,0.147811,0.091701,-0.078872,-0.039046,0.020962,0.059647,0.051324,0.069707,0.001505,-0.08457,-0.077426,-0.088184,0.076889,-0.04085,0.066447,0.087194,-0.033581,-0.03511,0.02975,0.087881,-0.14275,-0.009734,0.05347,0.053056,0.008787,0.003159,0.058036,-0.0435,0.063519,0.063782,-0.012157,0.13161,-0.121003,0.020945,-0.018256,0.168325,-0.126206,0.026527,-0.091333,15,./image\15
